Invoice_ID,Date,Customer_ID,Category,Size,Quantity,Cost_Price_INR,Selling_Price_INR,Payment_Method
INV-2025000,2026-01-11,CUST_1156,Casual Shirt,XXL,1,800,1500,Cash
INV-2025001,2026-09-14,CUST_1114,Casual Shirt,L,1,800,1500,Cash
INV-2025002,2026-06-28,CUST_1213,Casual Shirt,L,3,800,1500,UPI
INV-2025003,2026-01-15,CUST_1049,T-Shirt,L,2,400,800,Cash
INV-2025004,2025-12-11,CUST_1199,Denim Jeans,L,2,1100,2200,UPI
INV-2025005,2026-04-07,CUST_1081,Formal Shirt,L,2,900,1800,Cash
INV-2025006,2025-10-21,CUST_1084,Trouser,L,2,850,1600,UPI
INV-2025007,2026-01-11,CUST_1105,Denim Jeans,S,1,1100,2200,UPI
INV-2025008,2026-01-30,CUST_1177,Formal Shirt,L,1,900,1800,UPI
INV-2025009,2026-05-03,CUST_1148,Casual Shirt,M,1,800,1500,UPI
INV-2025010,2026-08-27,CUST_1118,Denim Jeans,L,1,1100,2200,UPI
INV-2025011,2025-12-27,CUST_1086,Formal Shirt,XL,1,900,1800,UPI
INV-2025012,2026-01-08,CUST_1220,Casual Shirt,M,1,800,1500,UPI
INV-2025013,2026-09-25,CUST_1063,Denim Jeans,L,1,1100,2200,Cash
INV-2025014,2026-03-01,CUST_1189,Sambalpuri Kurta,L,3,1200,2500,UPI
INV-2025015,2026-02-08,CUST_1104,Casual Shirt,S,1,800,1500,Cash
INV-2025016,2026-02-27,CUST_1049,Casual Shirt,XL,1,800,1500,Card
INV-2025017,2026-08-05,CUST_1071,Formal Shirt,M,1,900,1800,UPI
INV-2025018,2026-06-15,CUST_1001,Formal Shirt,M,2,900,1800,UPI
INV-2025019,2026-09-09,CUST_1224,Formal Shirt,L,1,900,1800,UPI
INV-2025020,2026-07-21,CUST_1141,Formal Shirt,M,1,900,1800,Cash
INV-2025021,2026-04-10,CUST_1222,Casual Shirt,L,1,800,1500,UPI
INV-2025022,2026-07-04,CUST_1215,Denim Jeans,M,3,1100,2200,UPI
INV-2025023,2026-03-10,CUST_1179,Sambalpuri Kurta,L,1,1200,2500,UPI
INV-2025024,2026-08-10,CUST_1123,T-Shirt,L,2,400,800,Cash
INV-2025025,2025-10-22,CUST_1184,Casual Shirt,M,1,800,1500,UPI
INV-2025026,2026-06-10,CUST_1211,Sambalpuri Kurta,XL,1,1200,2500,UPI
INV-2025027,2026-05-24,CUST_1062,Trouser,M,2,850,1600,UPI
INV-2025028,2026-09-10,CUST_1032,Trouser,S,1,850,1600,UPI
INV-2025029,2025-11-18,CUST_1158,Denim Jeans,M,1,1100,2200,Cash
INV-2025030,2025-11-28,CUST_1029,Casual Shirt,S,1,800,1500,UPI
INV-2025031,2026-03-19,CUST_1049,Denim Jeans,L,1,1100,2200,UPI
INV-2025032,2026-04-06,CUST_1173,Denim Jeans,L,3,1100,2200,UPI
INV-2025033,2026-06-28,CUST_1221,Trouser,L,1,850,1600,Cash
INV-2025034,2026-04-08,CUST_1030,Trouser,XXL,1,850,1600,UPI
INV-2025035,2026-03-24,CUST_1144,Trouser,L,1,850,1600,UPI
INV-2025036,2025-11-20,CUST_1168,Casual Shirt,XL,1,800,1500,UPI
INV-2025037,2026-09-29,CUST_1019,Casual Shirt,M,1,800,1500,UPI
INV-2025038,2025-11-24,CUST_1018,Casual Shirt,XL,1,800,1500,UPI
INV-2025039,2026-06-01,CUST_1001,Sambalpuri Kurta,L,1,1200,2500,UPI
INV-2025040,2026-08-16,CUST_1078,Formal Shirt,L,3,900,1800,Cash
INV-2025041,2026-02-08,CUST_1115,Denim Jeans,L,1,1100,2200,UPI
INV-2025042,2026-08-03,CUST_1175,Denim Jeans,XXL,1,1100,2200,Cash
INV-2025043,2026-02-12,CUST_1242,Casual Shirt,L,1,800,1500,UPI
INV-2025044,2025-10-21,CUST_1194,Trouser,M,1,850,1600,Cash
INV-2025045,2026-08-25,CUST_1246,T-Shirt,M,1,400,800,UPI
INV-2025046,2026-03-16,CUST_1220,Blazer,XL,1,2500,5500,Cash
INV-2025047,2026-07-01,CUST_1113,Denim Jeans,L,1,1100,2200,Cash
INV-2025048,2025-12-28,CUST_1114,Casual Shirt,XL,1,800,1500,Cash
INV-2025049,2026-08-12,CUST_1222,Casual Shirt,M,1,800,1500,UPI
INV-2025050,2025-10-14,CUST_1166,Casual Shirt,XXL,1,800,1500,UPI
INV-2025051,2026-05-30,CUST_1179,Formal Shirt,L,1,900,1800,UPI
INV-2025052,2026-06-22,CUST_1063,T-Shirt,L,3,400,800,Cash
INV-2025053,2026-09-11,CUST_1132,Casual Shirt,XXL,1,800,1500,Cash
INV-2025054,2025-11-22,CUST_1129,Formal Shirt,XL,2,900,1800,Cash
INV-2025055,2026-09-05,CUST_1008,Trouser,M,1,850,1600,UPI
INV-2025056,2025-12-31,CUST_1157,Casual Shirt,L,1,800,1500,Card
INV-2025057,2026-06-21,CUST_1055,Denim Jeans,XL,1,1100,2200,Cash
INV-2025058,2025-11-04,CUST_1103,T-Shirt,L,1,400,800,Cash
INV-2025059,2026-04-24,CUST_1131,Casual Shirt,L,1,800,1500,UPI
INV-2025060,2025-12-20,CUST_1032,Formal Shirt,S,1,900,1800,UPI
INV-2025061,2025-11-19,CUST_1010,T-Shirt,L,3,400,800,UPI
INV-2025062,2026-09-25,CUST_1202,Formal Shirt,L,1,900,1800,UPI
INV-2025063,2025-10-02,CUST_1211,Denim Jeans,M,1,1100,2200,Cash
INV-2025064,2025-11-23,CUST_1110,Casual Shirt,S,1,800,1500,UPI
INV-2025065,2026-01-14,CUST_1162,Casual Shirt,XXL,1,800,1500,Cash
INV-2025066,2026-06-17,CUST_1124,Blazer,M,1,2500,5500,UPI
INV-2025067,2026-08-06,CUST_1225,Formal Shirt,M,1,900,1800,UPI
INV-2025068,2026-04-09,CUST_1087,Denim Jeans,XXL,2,1100,2200,UPI
INV-2025069,2026-05-06,CUST_1055,Formal Shirt,L,1,900,1800,UPI
INV-2025070,2025-11-13,CUST_1220,Casual Shirt,XL,1,800,1500,UPI
INV-2025071,2026-03-11,CUST_1032,Formal Shirt,L,2,900,1800,Cash
INV-2025072,2026-04-20,CUST_1178,Trouser,S,1,850,1600,UPI
INV-2025073,2026-06-27,CUST_1135,Casual Shirt,M,1,800,1500,UPI
INV-2025074,2026-09-16,CUST_1093,Denim Jeans,M,1,1100,2200,UPI
INV-2025075,2026-07-31,CUST_1008,T-Shirt,XL,3,400,800,UPI
INV-2025076,2026-06-28,CUST_1065,Casual Shirt,L,1,800,1500,Cash
INV-2025077,2026-05-03,CUST_1057,Casual Shirt,L,1,800,1500,UPI
INV-2025078,2026-06-09,CUST_1247,Trouser,L,1,850,1600,UPI
INV-2025079,2026-04-08,CUST_1067,Denim Jeans,XL,2,1100,2200,Card
INV-2025080,2026-07-23,CUST_1216,Trouser,M,1,850,1600,UPI
INV-2025081,2026-05-01,CUST_1215,Formal Shirt,XL,1,900,1800,Card
INV-2025082,2026-04-26,CUST_1187,Denim Jeans,L,1,1100,2200,Cash
INV-2025083,2026-05-25,CUST_1072,Denim Jeans,L,1,1100,2200,UPI
INV-2025084,2026-09-03,CUST_1054,Casual Shirt,L,1,800,1500,Cash
INV-2025085,2025-11-22,CUST_1249,Casual Shirt,S,1,800,1500,UPI
INV-2025086,2026-07-07,CUST_1239,Casual Shirt,S,3,800,1500,Cash
INV-2025087,2026-05-05,CUST_1229,Formal Shirt,M,1,900,1800,Cash
INV-2025088,2026-06-09,CUST_1067,Trouser,M,1,850,1600,UPI
INV-2025089,2026-04-06,CUST_1051,Trouser,XL,1,850,1600,UPI
INV-2025090,2025-11-10,CUST_1097,Casual Shirt,XXL,1,800,1500,Cash
INV-2025091,2026-03-06,CUST_1092,Denim Jeans,M,1,1100,2200,UPI
INV-2025092,2025-10-15,CUST_1239,Denim Jeans,XL,1,1100,2200,UPI
INV-2025093,2026-07-28,CUST_1008,Casual Shirt,XXL,1,800,1500,UPI
INV-2025094,2025-12-04,CUST_1162,T-Shirt,L,1,400,800,Cash
INV-2025095,2026-09-10,CUST_1035,Sambalpuri Kurta,L,1,1200,2500,UPI
INV-2025096,2026-08-23,CUST_1096,T-Shirt,M,1,400,800,UPI
INV-2025097,2025-10-09,CUST_1088,Formal Shirt,L,2,900,1800,UPI
INV-2025098,2026-09-09,CUST_1078,Casual Shirt,M,2,800,1500,UPI
INV-2025099,2026-02-06,CUST_1032,Formal Shirt,XL,2,900,1800,Cash
INV-2025100,2026-02-13,CUST_1120,T-Shirt,M,1,400,800,UPI
INV-2025101,2025-12-02,CUST_1046,Sambalpuri Kurta,L,1,1200,2500,Cash
INV-2025102,2026-02-16,CUST_1235,Casual Shirt,L,3,800,1500,Card
INV-2025103,2025-12-20,CUST_1144,Casual Shirt,M,1,800,1500,Cash
INV-2025104,2026-03-12,CUST_1196,Sambalpuri Kurta,M,1,1200,2500,Cash
INV-2025105,2026-07-16,CUST_1244,Trouser,L,1,850,1600,UPI
INV-2025106,2026-06-18,CUST_1165,Formal Shirt,L,1,900,1800,Cash
INV-2025107,2026-05-19,CUST_1182,Denim Jeans,XL,1,1100,2200,UPI
INV-2025108,2025-11-10,CUST_1213,Casual Shirt,M,1,800,1500,Card
INV-2025109,2025-10-28,CUST_1142,Casual Shirt,L,2,800,1500,UPI
INV-2025110,2026-02-12,CUST_1223,Denim Jeans,L,1,1100,2200,UPI
INV-2025111,2026-04-19,CUST_1055,Formal Shirt,XL,1,900,1800,UPI
INV-2025112,2026-08-24,CUST_1176,Trouser,S,1,850,1600,UPI
INV-2025113,2026-06-25,CUST_1210,T-Shirt,M,1,400,800,UPI
INV-2025114,2025-11-02,CUST_1007,Formal Shirt,XL,3,900,1800,UPI
INV-2025115,2025-11-17,CUST_1074,Formal Shirt,L,2,900,1800,UPI
INV-2025116,2025-12-01,CUST_1007,Formal Shirt,L,1,900,1800,UPI
INV-2025117,2026-05-04,CUST_1161,Denim Jeans,M,1,1100,2200,UPI
INV-2025118,2026-07-20,CUST_1151,Denim Jeans,L,1,1100,2200,UPI
INV-2025119,2026-01-07,CUST_1085,Denim Jeans,L,1,1100,2200,UPI
INV-2025120,2026-03-21,CUST_1147,Trouser,XL,1,850,1600,Cash
INV-2025121,2026-09-25,CUST_1112,Denim Jeans,S,1,1100,2200,UPI
INV-2025122,2026-05-02,CUST_1125,Trouser,L,1,850,1600,UPI
INV-2025123,2025-11-04,CUST_1147,Formal Shirt,M,1,900,1800,UPI
INV-2025124,2026-05-15,CUST_1036,Casual Shirt,M,1,800,1500,Cash
INV-2025125,2026-01-09,CUST_1029,Blazer,XXL,1,2500,5500,UPI
INV-2025126,2026-02-08,CUST_1188,Denim Jeans,XL,1,1100,2200,UPI
INV-2025127,2026-06-14,CUST_1082,Sambalpuri Kurta,M,1,1200,2500,UPI
INV-2025128,2025-10-05,CUST_1002,Casual Shirt,M,1,800,1500,UPI
INV-2025129,2026-05-06,CUST_1129,Casual Shirt,XL,1,800,1500,UPI
INV-2025130,2026-06-12,CUST_1047,Formal Shirt,XXL,1,900,1800,UPI
INV-2025131,2026-09-24,CUST_1197,Sambalpuri Kurta,XL,1,1200,2500,Cash
INV-2025132,2026-07-10,CUST_1148,Denim Jeans,L,1,1100,2200,UPI
INV-2025133,2026-04-25,CUST_1011,Trouser,L,1,850,1600,Cash
INV-2025134,2025-10-15,CUST_1234,Trouser,M,1,850,1600,UPI
INV-2025135,2026-09-11,CUST_1130,Trouser,L,3,850,1600,UPI
INV-2025136,2025-11-11,CUST_1195,Casual Shirt,M,1,800,1500,UPI
INV-2025137,2026-03-28,CUST_1215,T-Shirt,M,1,400,800,Cash
INV-2025138,2025-12-02,CUST_1119,Formal Shirt,XL,1,900,1800,UPI
INV-2025139,2026-09-17,CUST_1140,Casual Shirt,S,2,800,1500,UPI
INV-2025140,2026-05-19,CUST_1020,Denim Jeans,L,1,1100,2200,Cash
INV-2025141,2026-05-29,CUST_1005,Casual Shirt,L,3,800,1500,UPI
INV-2025142,2025-11-21,CUST_1037,T-Shirt,S,1,400,800,UPI
INV-2025143,2026-01-04,CUST_1166,Trouser,XXL,1,850,1600,Cash
INV-2025144,2026-05-10,CUST_1222,Casual Shirt,L,1,800,1500,Card
INV-2025145,2026-05-19,CUST_1137,Denim Jeans,M,1,1100,2200,UPI
INV-2025146,2026-05-25,CUST_1226,Casual Shirt,M,2,800,1500,UPI
INV-2025147,2026-02-20,CUST_1053,Denim Jeans,M,2,1100,2200,Cash
INV-2025148,2026-03-20,CUST_1172,Casual Shirt,L,1,800,1500,UPI
INV-2025149,2025-10-29,CUST_1099,Denim Jeans,L,1,1100,2200,Card
INV-2025150,2025-11-05,CUST_1244,Sambalpuri Kurta,L,1,1200,2500,UPI
INV-2025151,2025-10-13,CUST_1086,Trouser,L,1,850,1600,UPI
INV-2025152,2026-03-09,CUST_1108,Sambalpuri Kurta,L,1,1200,2500,Cash
INV-2025153,2026-08-23,CUST_1024,Casual Shirt,M,1,800,1500,UPI
INV-2025154,2026-04-05,CUST_1081,Trouser,L,1,850,1600,Cash
INV-2025155,2026-05-31,CUST_1202,Sambalpuri Kurta,XL,1,1200,2500,UPI
INV-2025156,2025-12-25,CUST_1158,Blazer,XL,1,2500,5500,UPI
INV-2025157,2026-07-11,CUST_1120,Denim Jeans,XL,1,1100,2200,UPI
INV-2025158,2025-12-05,CUST_1059,Casual Shirt,L,2,800,1500,UPI
INV-2025159,2026-03-19,CUST_1238,Trouser,XXL,1,850,1600,UPI
INV-2025160,2025-11-14,CUST_1215,Formal Shirt,XL,1,900,1800,UPI
INV-2025161,2025-12-01,CUST_1128,Trouser,M,2,850,1600,UPI
INV-2025162,2026-02-11,CUST_1224,Casual Shirt,L,1,800,1500,UPI
INV-2025163,2026-07-11,CUST_1209,Sambalpuri Kurta,XL,1,1200,2500,Card
INV-2025164,2025-10-28,CUST_1114,Casual Shirt,M,1,800,1500,Cash
INV-2025165,2026-01-16,CUST_1115,Trouser,M,1,850,1600,UPI
INV-2025166,2025-11-13,CUST_1209,Casual Shirt,XL,2,800,1500,UPI
INV-2025167,2026-09-05,CUST_1014,T-Shirt,L,3,400,800,Cash
INV-2025168,2026-07-13,CUST_1009,Denim Jeans,M,2,1100,2200,UPI
INV-2025169,2026-08-27,CUST_1040,Casual Shirt,S,1,800,1500,UPI
INV-2025170,2026-02-05,CUST_1194,Trouser,XL,1,850,1600,Cash
INV-2025171,2026-09-13,CUST_1237,Casual Shirt,XL,2,800,1500,UPI
INV-2025172,2026-05-19,CUST_1025,Trouser,M,1,850,1600,Cash
INV-2025173,2026-04-08,CUST_1103,Denim Jeans,M,1,1100,2200,Cash
INV-2025174,2026-05-13,CUST_1201,Formal Shirt,M,1,900,1800,Cash
INV-2025175,2026-07-10,CUST_1246,Casual Shirt,M,1,800,1500,UPI
INV-2025176,2026-01-29,CUST_1022,Denim Jeans,L,1,1100,2200,UPI
INV-2025177,2026-01-24,CUST_1235,Formal Shirt,XL,1,900,1800,Card
INV-2025178,2026-05-21,CUST_1238,Denim Jeans,M,1,1100,2200,UPI
INV-2025179,2026-06-16,CUST_1004,Trouser,S,1,850,1600,Cash
INV-2025180,2026-09-24,CUST_1154,Casual Shirt,XL,1,800,1500,UPI
INV-2025181,2026-04-16,CUST_1186,Trouser,L,1,850,1600,UPI
INV-2025182,2026-02-14,CUST_1029,Casual Shirt,M,1,800,1500,Card
INV-2025183,2026-08-14,CUST_1109,Sambalpuri Kurta,XL,1,1200,2500,Cash
INV-2025184,2026-03-14,CUST_1098,Formal Shirt,XL,1,900,1800,UPI
INV-2025185,2026-05-13,CUST_1215,Casual Shirt,L,1,800,1500,Cash
INV-2025186,2026-08-03,CUST_1037,Denim Jeans,M,3,1100,2200,UPI
INV-2025187,2026-05-22,CUST_1075,Formal Shirt,S,1,900,1800,Card
INV-2025188,2026-03-21,CUST_1070,Formal Shirt,XL,1,900,1800,Card
INV-2025189,2026-03-01,CUST_1146,Trouser,XL,1,850,1600,Card
INV-2025190,2026-08-11,CUST_1128,Trouser,M,2,850,1600,UPI
INV-2025191,2026-03-09,CUST_1085,Sambalpuri Kurta,M,1,1200,2500,UPI
INV-2025192,2026-01-04,CUST_1042,Casual Shirt,M,1,800,1500,UPI
INV-2025193,2026-05-21,CUST_1100,Formal Shirt,L,1,900,1800,UPI
INV-2025194,2026-03-29,CUST_1041,Trouser,S,2,850,1600,Cash
INV-2025195,2026-01-21,CUST_1166,Trouser,L,2,850,1600,UPI
INV-2025196,2026-08-14,CUST_1034,Casual Shirt,M,1,800,1500,UPI
INV-2025197,2025-11-21,CUST_1017,Denim Jeans,XXL,2,1100,2200,UPI
INV-2025198,2026-06-25,CUST_1165,Casual Shirt,XL,1,800,1500,UPI
INV-2025199,2026-07-22,CUST_1153,Casual Shirt,XL,1,800,1500,Cash
INV-2025200,2026-01-21,CUST_1230,Sambalpuri Kurta,L,1,1200,2500,UPI
INV-2025201,2026-01-09,CUST_1122,Formal Shirt,L,1,900,1800,UPI
INV-2025202,2026-01-21,CUST_1076,Sambalpuri Kurta,L,1,1200,2500,UPI
INV-2025203,2025-12-20,CUST_1087,Denim Jeans,L,1,1100,2200,UPI
INV-2025204,2026-04-05,CUST_1117,Casual Shirt,M,1,800,1500,Cash
INV-2025205,2026-01-21,CUST_1106,T-Shirt,L,1,400,800,UPI
INV-2025206,2025-10-02,CUST_1086,Denim Jeans,S,1,1100,2200,UPI
INV-2025207,2026-02-07,CUST_1213,Denim Jeans,S,1,1100,2200,UPI
INV-2025208,2026-05-08,CUST_1027,T-Shirt,M,1,400,800,UPI
INV-2025209,2025-11-23,CUST_1057,Denim Jeans,M,1,1100,2200,UPI
INV-2025210,2026-09-08,CUST_1031,Casual Shirt,S,1,800,1500,UPI
INV-2025211,2026-05-12,CUST_1134,Casual Shirt,M,2,800,1500,UPI
INV-2025212,2026-05-13,CUST_1219,Denim Jeans,M,2,1100,2200,UPI
INV-2025213,2026-02-03,CUST_1168,Casual Shirt,L,1,800,1500,UPI
INV-2025214,2026-02-07,CUST_1098,Denim Jeans,XL,1,1100,2200,Cash
INV-2025215,2025-11-22,CUST_1012,Blazer,M,1,2500,5500,UPI
INV-2025216,2026-03-21,CUST_1237,Formal Shirt,L,2,900,1800,Cash
INV-2025217,2026-05-06,CUST_1249,Denim Jeans,M,2,1100,2200,Card
INV-2025218,2026-03-09,CUST_1053,Sambalpuri Kurta,S,1,1200,2500,UPI
INV-2025219,2026-04-16,CUST_1199,Formal Shirt,S,1,900,1800,Cash
INV-2025220,2026-06-04,CUST_1138,Casual Shirt,M,1,800,1500,UPI
INV-2025221,2026-08-20,CUST_1173,Casual Shirt,L,1,800,1500,UPI
INV-2025222,2026-04-21,CUST_1145,Casual Shirt,M,2,800,1500,Cash
INV-2025223,2026-04-02,CUST_1154,Trouser,M,1,850,1600,UPI
INV-2025224,2026-01-31,CUST_1213,Denim Jeans,XL,1,1100,2200,Cash
INV-2025225,2026-06-12,CUST_1220,Trouser,M,2,850,1600,UPI
INV-2025226,2026-07-21,CUST_1190,Denim Jeans,M,1,1100,2200,UPI
INV-2025227,2026-07-07,CUST_1122,Formal Shirt,L,1,900,1800,UPI
INV-2025228,2026-08-21,CUST_1046,Casual Shirt,L,1,800,1500,Cash
INV-2025229,2026-01-06,CUST_1064,Trouser,XL,1,850,1600,UPI
INV-2025230,2026-04-16,CUST_1130,Trouser,M,1,850,1600,Cash
INV-2025231,2026-05-28,CUST_1054,Formal Shirt,XL,2,900,1800,Cash
INV-2025232,2026-02-21,CUST_1107,T-Shirt,L,1,400,800,UPI
INV-2025233,2026-01-05,CUST_1193,Formal Shirt,L,1,900,1800,Cash
INV-2025234,2026-04-19,CUST_1051,Formal Shirt,M,1,900,1800,UPI
INV-2025235,2026-02-01,CUST_1181,Sambalpuri Kurta,M,1,1200,2500,UPI
INV-2025236,2026-04-05,CUST_1036,Denim Jeans,L,1,1100,2200,UPI
INV-2025237,2026-08-22,CUST_1115,Formal Shirt,M,1,900,1800,UPI
INV-2025238,2026-09-14,CUST_1026,Formal Shirt,M,3,900,1800,UPI
INV-2025239,2026-06-16,CUST_1029,Trouser,M,1,850,1600,UPI
INV-2025240,2026-02-25,CUST_1149,Denim Jeans,XXL,1,1100,2200,UPI
INV-2025241,2026-06-09,CUST_1011,Casual Shirt,M,1,800,1500,UPI
INV-2025242,2026-09-11,CUST_1040,Trouser,L,1,850,1600,Card
INV-2025243,2026-02-24,CUST_1011,Casual Shirt,XXL,1,800,1500,Cash
INV-2025244,2026-02-25,CUST_1164,Denim Jeans,XL,3,1100,2200,UPI
INV-2025245,2026-09-17,CUST_1113,T-Shirt,M,1,400,800,UPI
INV-2025246,2026-04-17,CUST_1187,Denim Jeans,M,1,1100,2200,UPI
INV-2025247,2026-08-04,CUST_1039,Trouser,XL,1,850,1600,UPI
INV-2025248,2026-02-05,CUST_1232,Formal Shirt,M,1,900,1800,UPI
INV-2025249,2025-11-08,CUST_1227,Formal Shirt,XXL,1,900,1800,UPI
INV-2025250,2026-09-03,CUST_1054,Denim Jeans,M,1,1100,2200,UPI
INV-2025251,2026-09-25,CUST_1098,Denim Jeans,L,3,1100,2200,Cash
INV-2025252,2026-02-06,CUST_1055,Denim Jeans,L,1,1100,2200,UPI
INV-2025253,2026-06-24,CUST_1111,Formal Shirt,S,1,900,1800,UPI
INV-2025254,2026-02-28,CUST_1152,Casual Shirt,XXL,2,800,1500,Cash
INV-2025255,2026-07-25,CUST_1246,Denim Jeans,XL,1,1100,2200,Cash
INV-2025256,2026-01-07,CUST_1150,Casual Shirt,XL,1,800,1500,Cash
INV-2025257,2026-06-20,CUST_1069,T-Shirt,M,1,400,800,Card
INV-2025258,2026-06-09,CUST_1056,Denim Jeans,XL,1,1100,2200,UPI
INV-2025259,2026-02-21,CUST_1033,Formal Shirt,M,1,900,1800,UPI
INV-2025260,2026-09-11,CUST_1036,Denim Jeans,L,1,1100,2200,Cash
INV-2025261,2026-01-20,CUST_1239,Blazer,L,2,2500,5500,Cash
INV-2025262,2025-11-29,CUST_1148,Denim Jeans,XXL,1,1100,2200,UPI
INV-2025263,2025-10-02,CUST_1211,Sambalpuri Kurta,L,2,1200,2500,Cash
INV-2025264,2026-07-31,CUST_1227,Casual Shirt,XL,1,800,1500,UPI
INV-2025265,2026-06-11,CUST_1244,Denim Jeans,XL,1,1100,2200,UPI
INV-2025266,2026-02-17,CUST_1235,Trouser,L,1,850,1600,UPI
INV-2025267,2025-11-06,CUST_1081,Formal Shirt,M,2,900,1800,UPI
INV-2025268,2026-03-09,CUST_1190,Casual Shirt,XXL,1,800,1500,Card
INV-2025269,2025-10-09,CUST_1109,Trouser,XL,1,850,1600,UPI
INV-2025270,2026-05-21,CUST_1235,Trouser,XL,1,850,1600,UPI
INV-2025271,2026-01-07,CUST_1226,Trouser,XL,1,850,1600,Cash
INV-2025272,2026-02-24,CUST_1201,Sambalpuri Kurta,L,1,1200,2500,UPI
INV-2025273,2026-07-31,CUST_1154,Casual Shirt,L,1,800,1500,UPI
INV-2025274,2026-04-26,CUST_1194,Formal Shirt,M,2,900,1800,Card
INV-2025275,2026-02-08,CUST_1245,Casual Shirt,XXL,1,800,1500,UPI
INV-2025276,2026-03-01,CUST_1073,Casual Shirt,L,1,800,1500,Cash
INV-2025277,2025-11-23,CUST_1201,Casual Shirt,S,1,800,1500,UPI
INV-2025278,2026-01-28,CUST_1040,Casual Shirt,M,2,800,1500,Card
INV-2025279,2026-03-10,CUST_1017,Formal Shirt,XL,1,900,1800,UPI
INV-2025280,2026-01-24,CUST_1129,Casual Shirt,L,3,800,1500,UPI
INV-2025281,2025-12-14,CUST_1217,Formal Shirt,L,1,900,1800,Cash
INV-2025282,2026-01-21,CUST_1061,Denim Jeans,L,1,1100,2200,UPI
INV-2025283,2026-01-12,CUST_1171,Casual Shirt,L,1,800,1500,Cash
INV-2025284,2026-09-05,CUST_1104,Sambalpuri Kurta,XL,1,1200,2500,UPI
INV-2025285,2026-06-11,CUST_1042,Casual Shirt,XL,1,800,1500,UPI
INV-2025286,2026-05-15,CUST_1025,Formal Shirt,M,1,900,1800,UPI
INV-2025287,2026-01-20,CUST_1039,Trouser,M,1,850,1600,UPI
INV-2025288,2026-01-07,CUST_1035,Casual Shirt,M,1,800,1500,UPI
INV-2025289,2026-03-02,CUST_1131,Sambalpuri Kurta,S,1,1200,2500,Cash
INV-2025290,2026-09-14,CUST_1242,Formal Shirt,M,1,900,1800,UPI
INV-2025291,2026-09-03,CUST_1229,Sambalpuri Kurta,M,1,1200,2500,Cash
INV-2025292,2026-04-12,CUST_1108,Formal Shirt,XL,1,900,1800,Card
INV-2025293,2026-08-06,CUST_1172,Casual Shirt,L,1,800,1500,UPI
INV-2025294,2026-03-12,CUST_1179,Denim Jeans,L,1,1100,2200,UPI
INV-2025295,2026-04-26,CUST_1222,Trouser,L,3,850,1600,Cash
INV-2025296,2026-03-18,CUST_1102,T-Shirt,L,1,400,800,UPI
INV-2025297,2026-03-10,CUST_1098,Trouser,L,1,850,1600,UPI
INV-2025298,2025-12-07,CUST_1012,T-Shirt,L,1,400,800,UPI
INV-2025299,2026-07-16,CUST_1019,Casual Shirt,M,1,800,1500,UPI
INV-2025300,2026-07-04,CUST_1101,Trouser,L,2,850,1600,Cash
INV-2025301,2026-07-31,CUST_1044,Casual Shirt,L,1,800,1500,Cash
INV-2025302,2026-02-12,CUST_1187,Casual Shirt,L,1,800,1500,UPI
INV-2025303,2026-04-13,CUST_1049,Casual Shirt,L,1,800,1500,UPI
INV-2025304,2026-02-05,CUST_1189,Denim Jeans,M,1,1100,2200,UPI
INV-2025305,2025-11-02,CUST_1017,Sambalpuri Kurta,M,1,1200,2500,UPI
INV-2025306,2026-03-25,CUST_1074,Casual Shirt,L,1,800,1500,Cash
INV-2025307,2025-10-22,CUST_1057,Casual Shirt,M,1,800,1500,UPI
INV-2025308,2026-05-26,CUST_1055,Casual Shirt,L,1,800,1500,UPI
INV-2025309,2026-03-07,CUST_1241,Denim Jeans,L,1,1100,2200,UPI
INV-2025310,2025-11-07,CUST_1047,T-Shirt,L,1,400,800,UPI
INV-2025311,2026-05-18,CUST_1012,Trouser,XL,1,850,1600,Card
INV-2025312,2026-09-30,CUST_1062,Casual Shirt,S,1,800,1500,Cash
INV-2025313,2025-11-20,CUST_1080,Casual Shirt,M,1,800,1500,UPI
INV-2025314,2026-06-21,CUST_1216,Trouser,L,1,850,1600,UPI
INV-2025315,2026-07-10,CUST_1083,Casual Shirt,M,1,800,1500,Card
INV-2025316,2025-10-27,CUST_1008,Sambalpuri Kurta,S,2,1200,2500,Cash
INV-2025317,2026-05-14,CUST_1223,Trouser,L,1,850,1600,UPI
INV-2025318,2026-07-04,CUST_1149,Casual Shirt,M,1,800,1500,UPI
INV-2025319,2026-07-13,CUST_1081,Trouser,L,1,850,1600,Card
INV-2025320,2026-01-05,CUST_1215,T-Shirt,XL,3,400,800,UPI
INV-2025321,2026-07-11,CUST_1229,T-Shirt,S,1,400,800,UPI
INV-2025322,2026-08-13,CUST_1118,Casual Shirt,M,1,800,1500,Cash
INV-2025323,2026-07-31,CUST_1208,Denim Jeans,M,2,1100,2200,UPI
INV-2025324,2026-02-24,CUST_1198,Formal Shirt,L,1,900,1800,UPI
INV-2025325,2025-10-04,CUST_1200,T-Shirt,M,1,400,800,Cash
INV-2025326,2025-11-04,CUST_1025,Trouser,S,1,850,1600,UPI
INV-2025327,2026-04-10,CUST_1210,Denim Jeans,L,1,1100,2200,Card
INV-2025328,2025-11-18,CUST_1089,Denim Jeans,M,1,1100,2200,Cash
INV-2025329,2025-10-17,CUST_1012,Casual Shirt,M,2,800,1500,UPI
INV-2025330,2026-03-21,CUST_1143,Denim Jeans,L,1,1100,2200,UPI
INV-2025331,2026-05-08,CUST_1059,Formal Shirt,M,1,900,1800,Cash
INV-2025332,2026-03-07,CUST_1154,Blazer,XL,2,2500,5500,UPI
INV-2025333,2025-11-15,CUST_1233,T-Shirt,M,3,400,800,Card
INV-2025334,2025-10-06,CUST_1109,Trouser,XXL,1,850,1600,UPI
INV-2025335,2026-01-07,CUST_1026,Formal Shirt,L,1,900,1800,UPI
INV-2025336,2026-05-21,CUST_1047,Blazer,M,1,2500,5500,Card
INV-2025337,2025-11-06,CUST_1032,T-Shirt,XXL,1,400,800,Card
INV-2025338,2026-07-07,CUST_1010,Trouser,M,1,850,1600,Cash
INV-2025339,2026-09-14,CUST_1016,Casual Shirt,L,1,800,1500,UPI
INV-2025340,2026-07-29,CUST_1199,Denim Jeans,XL,1,1100,2200,UPI
INV-2025341,2026-03-30,CUST_1145,Casual Shirt,M,2,800,1500,UPI
INV-2025342,2026-01-03,CUST_1151,Denim Jeans,M,1,1100,2200,Cash
INV-2025343,2026-01-07,CUST_1026,Trouser,S,1,850,1600,UPI
INV-2025344,2026-04-06,CUST_1213,Denim Jeans,L,1,1100,2200,UPI
INV-2025345,2026-01-24,CUST_1086,Formal Shirt,XL,3,900,1800,UPI
INV-2025346,2026-04-09,CUST_1135,Trouser,M,1,850,1600,Cash
INV-2025347,2026-06-10,CUST_1014,T-Shirt,XXL,1,400,800,UPI
INV-2025348,2026-03-10,CUST_1079,Trouser,M,1,850,1600,UPI
INV-2025349,2026-06-13,CUST_1117,Trouser,M,1,850,1600,Card
INV-2025350,2026-08-19,CUST_1007,Casual Shirt,L,1,800,1500,UPI
INV-2025351,2026-02-05,CUST_1137,Casual Shirt,M,2,800,1500,UPI
INV-2025352,2025-10-18,CUST_1115,T-Shirt,L,1,400,800,UPI
INV-2025353,2026-07-08,CUST_1176,Denim Jeans,XL,1,1100,2200,UPI
INV-2025354,2026-05-11,CUST_1072,Sambalpuri Kurta,XXL,2,1200,2500,UPI
INV-2025355,2025-11-23,CUST_1242,Trouser,L,1,850,1600,UPI
INV-2025356,2025-11-27,CUST_1059,Denim Jeans,M,1,1100,2200,Cash
INV-2025357,2026-08-19,CUST_1215,Casual Shirt,S,1,800,1500,Card
INV-2025358,2026-09-25,CUST_1221,Denim Jeans,L,2,1100,2200,Cash
INV-2025359,2026-03-23,CUST_1082,Formal Shirt,L,1,900,1800,Cash
INV-2025360,2026-07-07,CUST_1223,Casual Shirt,XL,1,800,1500,UPI
INV-2025361,2026-01-22,CUST_1222,Formal Shirt,S,1,900,1800,Cash
INV-2025362,2026-07-15,CUST_1116,Casual Shirt,L,1,800,1500,UPI
INV-2025363,2026-09-07,CUST_1167,T-Shirt,M,1,400,800,UPI
INV-2025364,2026-02-28,CUST_1227,Casual Shirt,S,1,800,1500,Card
INV-2025365,2026-02-04,CUST_1146,Casual Shirt,L,1,800,1500,Cash
INV-2025366,2026-03-04,CUST_1187,Formal Shirt,M,1,900,1800,Cash
INV-2025367,2026-06-30,CUST_1234,Sambalpuri Kurta,M,1,1200,2500,Card
INV-2025368,2026-01-12,CUST_1103,Sambalpuri Kurta,XXL,1,1200,2500,UPI
INV-2025369,2026-07-26,CUST_1017,Denim Jeans,L,1,1100,2200,UPI
INV-2025370,2026-06-03,CUST_1014,Trouser,M,1,850,1600,UPI
INV-2025371,2026-03-25,CUST_1159,T-Shirt,S,1,400,800,UPI
INV-2025372,2025-11-08,CUST_1152,Formal Shirt,L,1,900,1800,UPI
INV-2025373,2026-03-19,CUST_1227,Denim Jeans,L,1,1100,2200,Card
INV-2025374,2026-06-04,CUST_1108,Sambalpuri Kurta,L,1,1200,2500,UPI
INV-2025375,2025-10-26,CUST_1188,T-Shirt,L,1,400,800,Cash
INV-2025376,2026-09-20,CUST_1045,Formal Shirt,XL,1,900,1800,UPI
INV-2025377,2026-08-02,CUST_1098,Formal Shirt,XXL,2,900,1800,Cash
INV-2025378,2025-10-13,CUST_1131,Trouser,L,2,850,1600,UPI
INV-2025379,2026-08-12,CUST_1037,Formal Shirt,M,1,900,1800,Cash
INV-2025380,2026-08-09,CUST_1171,Formal Shirt,S,2,900,1800,UPI
INV-2025381,2025-11-05,CUST_1168,Trouser,XXL,1,850,1600,UPI
INV-2025382,2026-03-22,CUST_1218,Trouser,XL,1,850,1600,Card
INV-2025383,2025-10-20,CUST_1183,Casual Shirt,L,1,800,1500,Cash
INV-2025384,2026-08-17,CUST_1215,Casual Shirt,XL,1,800,1500,UPI
INV-2025385,2026-06-21,CUST_1108,Casual Shirt,XL,1,800,1500,UPI
INV-2025386,2026-02-19,CUST_1039,Formal Shirt,XL,1,900,1800,Cash
INV-2025387,2026-02-20,CUST_1015,Formal Shirt,L,1,900,1800,Cash
INV-2025388,2025-12-31,CUST_1120,T-Shirt,S,1,400,800,UPI
INV-2025389,2026-09-19,CUST_1241,Denim Jeans,M,1,1100,2200,UPI
INV-2025390,2026-08-18,CUST_1004,Denim Jeans,M,1,1100,2200,UPI
INV-2025391,2026-07-15,CUST_1093,Casual Shirt,XL,1,800,1500,UPI
INV-2025392,2026-05-03,CUST_1214,Trouser,M,1,850,1600,UPI
INV-2025393,2026-09-07,CUST_1153,T-Shirt,L,1,400,800,UPI
INV-2025394,2025-11-20,CUST_1141,Casual Shirt,L,1,800,1500,UPI
INV-2025395,2026-03-02,CUST_1210,Formal Shirt,M,1,900,1800,Card
INV-2025396,2026-04-04,CUST_1161,Casual Shirt,L,1,800,1500,Card
INV-2025397,2025-12-02,CUST_1016,Casual Shirt,L,1,800,1500,Cash
INV-2025398,2026-04-08,CUST_1237,Formal Shirt,M,1,900,1800,UPI
INV-2025399,2026-02-02,CUST_1170,Casual Shirt,L,1,800,1500,UPI
INV-2025400,2026-02-27,CUST_1108,Trouser,XXL,1,850,1600,UPI
INV-2025401,2026-08-10,CUST_1126,Casual Shirt,XXL,1,800,1500,UPI
INV-2025402,2025-11-27,CUST_1194,Denim Jeans,L,1,1100,2200,UPI
INV-2025403,2026-09-07,CUST_1055,Casual Shirt,XXL,1,800,1500,Cash
INV-2025404,2026-08-01,CUST_1227,Trouser,L,1,850,1600,UPI
INV-2025405,2026-03-29,CUST_1170,Denim Jeans,XL,2,1100,2200,UPI
INV-2025406,2026-03-19,CUST_1034,Casual Shirt,XXL,1,800,1500,Cash
INV-2025407,2026-08-22,CUST_1158,Casual Shirt,L,1,800,1500,Cash
INV-2025408,2026-06-28,CUST_1247,Formal Shirt,S,1,900,1800,UPI
INV-2025409,2025-11-23,CUST_1013,Denim Jeans,XXL,1,1100,2200,Cash
INV-2025410,2026-01-09,CUST_1141,Casual Shirt,L,3,800,1500,UPI
INV-2025411,2026-06-21,CUST_1018,Casual Shirt,L,1,800,1500,Cash
INV-2025412,2025-11-22,CUST_1160,T-Shirt,L,1,400,800,UPI
INV-2025413,2025-11-29,CUST_1096,Trouser,S,1,850,1600,UPI
INV-2025414,2026-01-16,CUST_1227,Denim Jeans,M,1,1100,2200,UPI
INV-2025415,2025-10-05,CUST_1123,Casual Shirt,XL,1,800,1500,UPI
INV-2025416,2026-01-11,CUST_1039,Casual Shirt,M,1,800,1500,UPI
INV-2025417,2026-04-14,CUST_1046,Casual Shirt,L,1,800,1500,UPI
INV-2025418,2026-06-19,CUST_1244,Trouser,S,3,850,1600,Cash
INV-2025419,2026-09-30,CUST_1029,Sambalpuri Kurta,XL,2,1200,2500,UPI
INV-2025420,2026-09-15,CUST_1190,Casual Shirt,L,1,800,1500,Cash
INV-2025421,2025-11-16,CUST_1241,Denim Jeans,S,1,1100,2200,Card
INV-2025422,2026-09-20,CUST_1221,Denim Jeans,L,1,1100,2200,UPI
INV-2025423,2026-08-07,CUST_1062,Sambalpuri Kurta,L,1,1200,2500,UPI
INV-2025424,2026-08-04,CUST_1245,Denim Jeans,M,1,1100,2200,UPI
INV-2025425,2026-02-21,CUST_1236,Formal Shirt,L,2,900,1800,UPI
INV-2025426,2026-06-26,CUST_1185,Sambalpuri Kurta,M,1,1200,2500,UPI
INV-2025427,2026-02-01,CUST_1016,Formal Shirt,L,1,900,1800,UPI
INV-2025428,2026-01-14,CUST_1184,T-Shirt,M,1,400,800,UPI
INV-2025429,2026-03-07,CUST_1236,Trouser,M,1,850,1600,UPI
INV-2025430,2026-02-24,CUST_1239,Casual Shirt,M,1,800,1500,Cash
INV-2025431,2026-02-22,CUST_1121,Sambalpuri Kurta,L,1,1200,2500,UPI
INV-2025432,2026-01-28,CUST_1010,Formal Shirt,M,1,900,1800,UPI
INV-2025433,2026-08-15,CUST_1158,Formal Shirt,M,2,900,1800,Cash
INV-2025434,2026-07-02,CUST_1153,Formal Shirt,XL,3,900,1800,UPI
INV-2025435,2025-12-31,CUST_1103,Formal Shirt,L,2,900,1800,Cash
INV-2025436,2025-11-27,CUST_1084,Casual Shirt,M,1,800,1500,UPI
INV-2025437,2026-09-11,CUST_1133,Casual Shirt,XL,1,800,1500,Cash
INV-2025438,2026-05-17,CUST_1065,Sambalpuri Kurta,L,1,1200,2500,UPI
INV-2025439,2026-01-25,CUST_1222,Casual Shirt,L,1,800,1500,Cash
INV-2025440,2026-08-14,CUST_1177,Casual Shirt,M,1,800,1500,UPI
INV-2025441,2026-07-06,CUST_1003,Trouser,L,1,850,1600,UPI
INV-2025442,2026-02-04,CUST_1173,Casual Shirt,S,1,800,1500,Cash
INV-2025443,2026-02-06,CUST_1142,Casual Shirt,M,1,800,1500,UPI
INV-2025444,2025-11-27,CUST_1120,Denim Jeans,L,1,1100,2200,UPI
INV-2025445,2026-01-30,CUST_1158,Formal Shirt,M,1,900,1800,Card
INV-2025446,2025-10-01,CUST_1242,Denim Jeans,L,1,1100,2200,UPI
INV-2025447,2026-05-27,CUST_1068,Denim Jeans,L,1,1100,2200,UPI
INV-2025448,2026-07-17,CUST_1146,Denim Jeans,L,2,1100,2200,UPI
INV-2025449,2026-01-04,CUST_1190,Denim Jeans,M,1,1100,2200,UPI
INV-2025450,2026-02-03,CUST_1037,Formal Shirt,M,1,900,1800,UPI
INV-2025451,2026-01-26,CUST_1153,Formal Shirt,XL,1,900,1800,UPI
INV-2025452,2025-11-17,CUST_1176,Formal Shirt,S,1,900,1800,UPI
INV-2025453,2025-12-28,CUST_1193,Denim Jeans,L,1,1100,2200,Cash
INV-2025454,2026-05-25,CUST_1181,Formal Shirt,S,1,900,1800,UPI
INV-2025455,2026-06-29,CUST_1238,Sambalpuri Kurta,XL,2,1200,2500,UPI
INV-2025456,2026-04-07,CUST_1207,Formal Shirt,XL,1,900,1800,UPI
INV-2025457,2026-04-10,CUST_1073,Sambalpuri Kurta,XL,1,1200,2500,UPI
INV-2025458,2025-12-08,CUST_1143,Formal Shirt,XL,2,900,1800,UPI
INV-2025459,2026-07-05,CUST_1049,Casual Shirt,XL,1,800,1500,UPI
INV-2025460,2026-09-14,CUST_1121,T-Shirt,S,1,400,800,UPI
INV-2025461,2026-06-04,CUST_1088,Formal Shirt,XL,1,900,1800,Card
INV-2025462,2025-12-15,CUST_1196,Denim Jeans,M,1,1100,2200,UPI
INV-2025463,2026-03-03,CUST_1140,Formal Shirt,S,1,900,1800,UPI
INV-2025464,2026-02-21,CUST_1187,Trouser,L,1,850,1600,UPI
INV-2025465,2025-12-25,CUST_1037,Casual Shirt,L,1,800,1500,UPI
INV-2025466,2026-04-03,CUST_1061,Sambalpuri Kurta,XL,1,1200,2500,UPI
INV-2025467,2026-07-12,CUST_1229,Trouser,L,1,850,1600,Cash
INV-2025468,2026-05-08,CUST_1171,Sambalpuri Kurta,L,1,1200,2500,Cash
INV-2025469,2025-12-08,CUST_1124,Denim Jeans,L,1,1100,2200,UPI
INV-2025470,2025-11-16,CUST_1198,Sambalpuri Kurta,L,2,1200,2500,Cash
INV-2025471,2026-01-02,CUST_1039,Denim Jeans,L,2,1100,2200,UPI
INV-2025472,2026-05-26,CUST_1184,Denim Jeans,M,1,1100,2200,Cash
INV-2025473,2026-04-22,CUST_1063,Formal Shirt,M,1,900,1800,UPI
INV-2025474,2026-05-06,CUST_1046,Casual Shirt,L,2,800,1500,UPI
INV-2025475,2026-09-06,CUST_1088,Casual Shirt,S,1,800,1500,UPI
INV-2025476,2025-11-08,CUST_1011,Sambalpuri Kurta,L,1,1200,2500,UPI
INV-2025477,2026-01-08,CUST_1062,Trouser,M,2,850,1600,UPI
INV-2025478,2026-07-16,CUST_1077,Formal Shirt,M,1,900,1800,Cash
INV-2025479,2026-06-11,CUST_1226,Casual Shirt,L,1,800,1500,Cash
INV-2025480,2026-05-10,CUST_1153,Sambalpuri Kurta,XL,1,1200,2500,UPI
INV-2025481,2026-09-22,CUST_1199,Casual Shirt,L,1,800,1500,UPI
INV-2025482,2025-10-23,CUST_1052,Casual Shirt,M,1,800,1500,Cash
INV-2025483,2026-06-07,CUST_1004,Casual Shirt,L,1,800,1500,Cash
INV-2025484,2025-10-10,CUST_1059,Formal Shirt,XL,2,900,1800,UPI
INV-2025485,2026-06-03,CUST_1072,T-Shirt,XXL,2,400,800,Cash
INV-2025486,2026-08-21,CUST_1148,Casual Shirt,L,1,800,1500,UPI
INV-2025487,2026-01-08,CUST_1093,Blazer,M,1,2500,5500,Cash
INV-2025488,2026-07-17,CUST_1063,Sambalpuri Kurta,XXL,1,1200,2500,UPI
INV-2025489,2026-03-29,CUST_1054,Formal Shirt,M,1,900,1800,UPI
INV-2025490,2026-05-11,CUST_1117,Trouser,L,1,850,1600,Cash
INV-2025491,2026-06-07,CUST_1243,Casual Shirt,S,1,800,1500,UPI
INV-2025492,2026-02-24,CUST_1237,Trouser,S,2,850,1600,UPI
INV-2025493,2026-01-04,CUST_1110,Denim Jeans,L,2,1100,2200,UPI
INV-2025494,2026-06-14,CUST_1074,Denim Jeans,XXL,1,1100,2200,UPI
INV-2025495,2026-08-21,CUST_1107,Trouser,M,1,850,1600,UPI
INV-2025496,2025-10-04,CUST_1226,T-Shirt,XL,1,400,800,UPI
INV-2025497,2025-10-16,CUST_1057,Casual Shirt,XXL,3,800,1500,UPI
INV-2025498,2026-07-07,CUST_1218,Sambalpuri Kurta,L,1,1200,2500,UPI
INV-2025499,2026-09-01,CUST_1169,Denim Jeans,L,1,1100,2200,UPI
INV-2025500,2026-06-04,CUST_1241,T-Shirt,M,1,400,800,Cash
INV-2025501,2026-06-15,CUST_1003,Trouser,L,1,850,1600,UPI
INV-2025502,2026-03-09,CUST_1120,Denim Jeans,L,1,1100,2200,Cash
INV-2025503,2026-09-05,CUST_1006,Denim Jeans,L,2,1100,2200,UPI
INV-2025504,2026-03-01,CUST_1005,Casual Shirt,XL,1,800,1500,Cash
INV-2025505,2026-03-27,CUST_1005,Sambalpuri Kurta,XL,3,1200,2500,UPI
INV-2025506,2026-03-12,CUST_1054,Denim Jeans,L,1,1100,2200,UPI
INV-2025507,2025-11-02,CUST_1047,Formal Shirt,XL,1,900,1800,UPI
INV-2025508,2026-03-28,CUST_1215,Formal Shirt,S,1,900,1800,UPI
INV-2025509,2026-01-09,CUST_1177,Casual Shirt,L,2,800,1500,Cash
INV-2025510,2026-06-25,CUST_1009,Trouser,M,2,850,1600,Cash
INV-2025511,2026-08-19,CUST_1099,Casual Shirt,L,1,800,1500,Cash
INV-2025512,2025-12-04,CUST_1020,Blazer,S,2,2500,5500,UPI
INV-2025513,2026-03-17,CUST_1122,T-Shirt,L,2,400,800,UPI
INV-2025514,2026-08-26,CUST_1241,Formal Shirt,S,3,900,1800,Cash
INV-2025515,2025-11-12,CUST_1061,Sambalpuri Kurta,XXL,1,1200,2500,UPI
INV-2025516,2025-11-13,CUST_1123,Casual Shirt,M,1,800,1500,UPI
INV-2025517,2026-07-12,CUST_1234,Formal Shirt,M,1,900,1800,UPI
INV-2025518,2025-10-12,CUST_1163,T-Shirt,XL,3,400,800,UPI
INV-2025519,2026-01-03,CUST_1178,Formal Shirt,XL,1,900,1800,UPI
INV-2025520,2026-07-29,CUST_1082,Casual Shirt,M,1,800,1500,UPI
INV-2025521,2026-06-10,CUST_1062,Trouser,S,1,850,1600,Cash
INV-2025522,2026-05-30,CUST_1145,Casual Shirt,M,2,800,1500,UPI
INV-2025523,2025-11-04,CUST_1216,Casual Shirt,L,1,800,1500,UPI
INV-2025524,2026-05-03,CUST_1003,Sambalpuri Kurta,M,1,1200,2500,UPI
INV-2025525,2026-09-02,CUST_1160,Casual Shirt,L,1,800,1500,UPI
INV-2025526,2025-12-29,CUST_1227,Casual Shirt,L,1,800,1500,Cash
INV-2025527,2026-06-21,CUST_1230,Casual Shirt,L,1,800,1500,Cash
INV-2025528,2026-01-01,CUST_1013,Denim Jeans,L,1,1100,2200,Cash
INV-2025529,2025-12-29,CUST_1120,Formal Shirt,L,2,900,1800,Card
INV-2025530,2026-01-23,CUST_1125,Sambalpuri Kurta,M,1,1200,2500,UPI
INV-2025531,2026-01-13,CUST_1239,Trouser,L,1,850,1600,Cash
INV-2025532,2026-04-14,CUST_1089,Formal Shirt,XL,1,900,1800,UPI
INV-2025533,2026-08-10,CUST_1073,Denim Jeans,XL,1,1100,2200,UPI
INV-2025534,2026-01-22,CUST_1068,T-Shirt,M,1,400,800,UPI
INV-2025535,2025-12-14,CUST_1142,Denim Jeans,L,1,1100,2200,UPI
INV-2025536,2026-05-05,CUST_1101,Formal Shirt,L,1,900,1800,UPI
INV-2025537,2026-07-04,CUST_1098,Casual Shirt,M,1,800,1500,UPI
INV-2025538,2026-06-06,CUST_1011,Sambalpuri Kurta,M,2,1200,2500,Card
INV-2025539,2026-03-13,CUST_1105,Denim Jeans,M,1,1100,2200,Cash
INV-2025540,2026-09-22,CUST_1184,Formal Shirt,S,1,900,1800,Cash
INV-2025541,2026-04-10,CUST_1067,Trouser,M,1,850,1600,UPI
INV-2025542,2026-05-15,CUST_1123,Casual Shirt,XL,1,800,1500,UPI
INV-2025543,2026-03-26,CUST_1220,Casual Shirt,XL,1,800,1500,UPI
INV-2025544,2026-01-07,CUST_1029,Trouser,M,1,850,1600,UPI
INV-2025545,2025-11-05,CUST_1137,Casual Shirt,L,2,800,1500,UPI
INV-2025546,2026-01-04,CUST_1195,Formal Shirt,M,1,900,1800,Card
INV-2025547,2026-03-01,CUST_1153,Denim Jeans,L,1,1100,2200,UPI
INV-2025548,2026-02-28,CUST_1226,Denim Jeans,L,1,1100,2200,Card
INV-2025549,2026-04-08,CUST_1076,Trouser,M,2,850,1600,UPI
INV-2025550,2026-05-12,CUST_1170,Casual Shirt,M,1,800,1500,UPI
INV-2025551,2025-11-06,CUST_1009,Denim Jeans,XL,1,1100,2200,UPI
INV-2025552,2026-06-25,CUST_1207,Casual Shirt,S,1,800,1500,UPI
INV-2025553,2026-04-01,CUST_1040,Sambalpuri Kurta,M,1,1200,2500,UPI
INV-2025554,2025-10-13,CUST_1025,Casual Shirt,S,1,800,1500,UPI
INV-2025555,2026-07-06,CUST_1005,Denim Jeans,M,1,1100,2200,UPI
INV-2025556,2026-05-05,CUST_1139,Sambalpuri Kurta,M,1,1200,2500,UPI
INV-2025557,2026-09-20,CUST_1187,Trouser,M,1,850,1600,UPI
INV-2025558,2026-09-26,CUST_1226,T-Shirt,M,1,400,800,UPI
INV-2025559,2026-07-13,CUST_1216,Sambalpuri Kurta,L,1,1200,2500,UPI
INV-2025560,2026-06-30,CUST_1124,Formal Shirt,S,3,900,1800,Cash
INV-2025561,2025-12-01,CUST_1207,T-Shirt,M,1,400,800,Cash
INV-2025562,2025-12-23,CUST_1038,Formal Shirt,XL,2,900,1800,Cash
INV-2025563,2026-05-05,CUST_1072,Trouser,M,1,850,1600,Card
INV-2025564,2026-09-07,CUST_1133,Casual Shirt,L,1,800,1500,UPI
INV-2025565,2026-04-05,CUST_1176,Blazer,M,1,2500,5500,UPI
INV-2025566,2025-10-19,CUST_1090,Formal Shirt,M,1,900,1800,Cash
INV-2025567,2026-03-26,CUST_1146,T-Shirt,M,1,400,800,Card
INV-2025568,2026-01-08,CUST_1198,Casual Shirt,S,1,800,1500,UPI
INV-2025569,2026-05-21,CUST_1037,Casual Shirt,XXL,1,800,1500,UPI
INV-2025570,2025-12-15,CUST_1060,Casual Shirt,L,1,800,1500,Cash
INV-2025571,2026-06-22,CUST_1176,Trouser,L,2,850,1600,Cash
INV-2025572,2026-07-11,CUST_1205,Trouser,S,1,850,1600,UPI
INV-2025573,2026-04-24,CUST_1028,Trouser,L,1,850,1600,Cash
INV-2025574,2026-05-11,CUST_1197,Sambalpuri Kurta,XL,1,1200,2500,Cash
INV-2025575,2025-11-21,CUST_1205,Formal Shirt,M,1,900,1800,UPI
INV-2025576,2026-09-04,CUST_1081,Formal Shirt,XL,1,900,1800,Cash
INV-2025577,2026-02-21,CUST_1114,Denim Jeans,M,1,1100,2200,UPI
INV-2025578,2025-12-08,CUST_1040,Denim Jeans,L,1,1100,2200,UPI
INV-2025579,2026-01-07,CUST_1045,Denim Jeans,XL,1,1100,2200,Cash
INV-2025580,2025-10-25,CUST_1224,Trouser,XXL,2,850,1600,UPI
INV-2025581,2025-11-22,CUST_1062,Trouser,XL,1,850,1600,UPI
INV-2025582,2026-02-28,CUST_1093,Casual Shirt,XL,2,800,1500,UPI
INV-2025583,2026-02-21,CUST_1115,Denim Jeans,L,1,1100,2200,Card
INV-2025584,2025-11-26,CUST_1186,Casual Shirt,S,1,800,1500,Cash
INV-2025585,2025-11-08,CUST_1067,Casual Shirt,L,1,800,1500,UPI
INV-2025586,2026-01-17,CUST_1056,Casual Shirt,L,1,800,1500,Card
INV-2025587,2026-03-30,CUST_1040,Sambalpuri Kurta,XXL,1,1200,2500,Card
INV-2025588,2025-11-11,CUST_1098,Formal Shirt,M,1,900,1800,UPI
INV-2025589,2026-04-04,CUST_1040,Trouser,L,1,850,1600,UPI
INV-2025590,2026-05-11,CUST_1091,Formal Shirt,L,1,900,1800,Cash
INV-2025591,2026-01-30,CUST_1205,Sambalpuri Kurta,L,1,1200,2500,UPI
INV-2025592,2026-02-10,CUST_1237,Sambalpuri Kurta,M,1,1200,2500,UPI
INV-2025593,2026-03-12,CUST_1033,Denim Jeans,L,2,1100,2200,UPI
INV-2025594,2026-05-03,CUST_1006,Formal Shirt,XL,2,900,1800,UPI
INV-2025595,2026-05-09,CUST_1216,Denim Jeans,M,2,1100,2200,UPI
INV-2025596,2026-05-23,CUST_1147,T-Shirt,L,1,400,800,UPI
INV-2025597,2026-08-27,CUST_1080,Denim Jeans,L,1,1100,2200,Cash
INV-2025598,2026-02-23,CUST_1168,T-Shirt,L,1,400,800,UPI
INV-2025599,2026-05-27,CUST_1092,Formal Shirt,M,1,900,1800,Card
INV-2025600,2025-12-15,CUST_1097,Trouser,S,1,850,1600,UPI
INV-2025601,2025-10-09,CUST_1059,Formal Shirt,XL,2,900,1800,UPI
INV-2025602,2025-12-13,CUST_1059,Formal Shirt,M,1,900,1800,UPI
INV-2025603,2026-06-10,CUST_1048,Formal Shirt,L,1,900,1800,UPI
INV-2025604,2026-05-18,CUST_1169,Formal Shirt,M,1,900,1800,Cash
INV-2025605,2025-10-07,CUST_1013,Casual Shirt,L,1,800,1500,Cash
INV-2025606,2026-03-23,CUST_1107,Denim Jeans,M,1,1100,2200,Cash
INV-2025607,2026-02-18,CUST_1045,T-Shirt,M,2,400,800,Card
INV-2025608,2026-03-17,CUST_1089,T-Shirt,L,1,400,800,UPI
INV-2025609,2026-03-19,CUST_1181,Trouser,L,1,850,1600,UPI
INV-2025610,2026-07-10,CUST_1170,Trouser,XL,1,850,1600,Cash
INV-2025611,2026-01-30,CUST_1100,Denim Jeans,XL,1,1100,2200,UPI
INV-2025612,2026-04-12,CUST_1191,T-Shirt,M,2,400,800,UPI
INV-2025613,2025-10-05,CUST_1155,Denim Jeans,M,1,1100,2200,UPI
INV-2025614,2025-10-29,CUST_1166,Casual Shirt,M,1,800,1500,Card
INV-2025615,2026-03-14,CUST_1188,T-Shirt,M,1,400,800,UPI
INV-2025616,2026-09-04,CUST_1007,Trouser,XL,2,850,1600,UPI
INV-2025617,2026-02-13,CUST_1133,Trouser,M,3,850,1600,UPI
INV-2025618,2026-09-30,CUST_1235,Denim Jeans,L,1,1100,2200,UPI
INV-2025619,2026-08-17,CUST_1045,T-Shirt,M,1,400,800,UPI
INV-2025620,2026-09-07,CUST_1058,Formal Shirt,L,1,900,1800,UPI
INV-2025621,2026-02-22,CUST_1249,Casual Shirt,L,1,800,1500,Cash
INV-2025622,2026-08-23,CUST_1243,Casual Shirt,M,1,800,1500,UPI
INV-2025623,2026-05-05,CUST_1031,Trouser,L,1,850,1600,UPI
INV-2025624,2026-07-28,CUST_1023,Casual Shirt,XL,3,800,1500,UPI
INV-2025625,2026-02-09,CUST_1170,Casual Shirt,XL,2,800,1500,UPI
INV-2025626,2026-07-19,CUST_1138,Casual Shirt,S,1,800,1500,UPI
INV-2025627,2025-12-09,CUST_1160,Casual Shirt,L,1,800,1500,Cash
INV-2025628,2026-06-09,CUST_1107,Formal Shirt,S,1,900,1800,UPI
INV-2025629,2026-07-02,CUST_1181,T-Shirt,L,1,400,800,Cash
INV-2025630,2026-09-29,CUST_1158,Formal Shirt,XL,1,900,1800,UPI
INV-2025631,2026-03-31,CUST_1039,Casual Shirt,L,2,800,1500,Cash
INV-2025632,2026-03-16,CUST_1159,Casual Shirt,M,2,800,1500,Card
INV-2025633,2025-12-30,CUST_1082,Casual Shirt,L,1,800,1500,Cash
INV-2025634,2026-04-20,CUST_1100,Casual Shirt,M,1,800,1500,UPI
INV-2025635,2026-09-11,CUST_1002,Denim Jeans,L,1,1100,2200,UPI
INV-2025636,2025-10-19,CUST_1206,Denim Jeans,M,1,1100,2200,Cash
INV-2025637,2025-11-08,CUST_1077,Trouser,M,1,850,1600,UPI
INV-2025638,2026-02-03,CUST_1221,Formal Shirt,L,1,900,1800,UPI
INV-2025639,2026-03-22,CUST_1012,Casual Shirt,M,1,800,1500,UPI
INV-2025640,2026-02-18,CUST_1039,Denim Jeans,M,2,1100,2200,Cash
INV-2025641,2026-05-30,CUST_1194,Formal Shirt,M,1,900,1800,UPI
INV-2025642,2026-05-08,CUST_1224,Trouser,XL,1,850,1600,Cash
INV-2025643,2026-02-03,CUST_1013,Formal Shirt,M,1,900,1800,UPI
INV-2025644,2025-11-27,CUST_1046,Trouser,M,1,850,1600,Card
INV-2025645,2026-02-25,CUST_1155,Casual Shirt,XXL,3,800,1500,Cash
INV-2025646,2026-08-13,CUST_1113,Trouser,L,2,850,1600,UPI
INV-2025647,2026-09-26,CUST_1233,Denim Jeans,L,1,1100,2200,UPI
INV-2025648,2025-10-01,CUST_1017,Formal Shirt,L,2,900,1800,UPI
INV-2025649,2026-09-13,CUST_1104,T-Shirt,L,2,400,800,UPI
INV-2025650,2026-04-08,CUST_1223,Trouser,S,2,850,1600,UPI
INV-2025651,2026-04-09,CUST_1098,Sambalpuri Kurta,XXL,1,1200,2500,UPI
INV-2025652,2026-08-08,CUST_1188,Trouser,M,2,850,1600,UPI
INV-2025653,2026-01-25,CUST_1192,Casual Shirt,XXL,1,800,1500,Cash
INV-2025654,2026-02-11,CUST_1088,Formal Shirt,L,1,900,1800,UPI
INV-2025655,2025-11-27,CUST_1109,Trouser,L,1,850,1600,UPI
INV-2025656,2025-11-13,CUST_1163,Trouser,M,1,850,1600,UPI
INV-2025657,2026-03-22,CUST_1240,Denim Jeans,L,1,1100,2200,UPI
INV-2025658,2026-03-09,CUST_1070,Casual Shirt,L,2,800,1500,UPI
INV-2025659,2026-03-22,CUST_1211,Trouser,M,1,850,1600,Card
INV-2025660,2026-08-13,CUST_1158,Formal Shirt,L,1,900,1800,UPI
INV-2025661,2026-07-30,CUST_1199,Formal Shirt,S,1,900,1800,UPI
INV-2025662,2026-02-26,CUST_1074,Denim Jeans,M,1,1100,2200,Cash
INV-2025663,2025-12-19,CUST_1233,T-Shirt,S,2,400,800,UPI
INV-2025664,2026-05-01,CUST_1224,Denim Jeans,L,1,1100,2200,UPI
INV-2025665,2026-04-21,CUST_1226,Denim Jeans,M,2,1100,2200,UPI
INV-2025666,2026-06-09,CUST_1063,Casual Shirt,L,1,800,1500,UPI
INV-2025667,2026-05-17,CUST_1156,Trouser,XL,1,850,1600,Cash
INV-2025668,2026-03-13,CUST_1060,Trouser,XXL,1,850,1600,UPI
INV-2025669,2026-05-15,CUST_1079,Formal Shirt,M,1,900,1800,UPI
INV-2025670,2026-02-24,CUST_1222,Denim Jeans,S,1,1100,2200,UPI
INV-2025671,2025-10-20,CUST_1037,Trouser,L,1,850,1600,UPI
INV-2025672,2025-11-16,CUST_1221,Casual Shirt,XL,2,800,1500,UPI
INV-2025673,2026-05-21,CUST_1022,Casual Shirt,L,1,800,1500,Cash
INV-2025674,2026-08-01,CUST_1196,Casual Shirt,S,1,800,1500,UPI
INV-2025675,2025-10-14,CUST_1148,Formal Shirt,S,1,900,1800,Cash
INV-2025676,2026-02-20,CUST_1096,T-Shirt,L,1,400,800,UPI
INV-2025677,2025-10-01,CUST_1228,Denim Jeans,M,1,1100,2200,UPI
INV-2025678,2025-11-23,CUST_1242,Casual Shirt,S,1,800,1500,UPI
INV-2025679,2026-06-16,CUST_1068,Casual Shirt,XXL,1,800,1500,UPI
INV-2025680,2026-02-21,CUST_1219,Sambalpuri Kurta,XXL,1,1200,2500,Cash
INV-2025681,2025-10-12,CUST_1192,Formal Shirt,M,1,900,1800,Cash
INV-2025682,2026-08-26,CUST_1017,Trouser,M,1,850,1600,UPI
INV-2025683,2026-05-12,CUST_1012,Casual Shirt,L,1,800,1500,Cash
INV-2025684,2026-06-29,CUST_1150,Trouser,XL,1,850,1600,Cash
INV-2025685,2026-09-23,CUST_1145,Denim Jeans,M,1,1100,2200,UPI
INV-2025686,2026-03-05,CUST_1138,Formal Shirt,L,2,900,1800,UPI
INV-2025687,2025-10-08,CUST_1118,Casual Shirt,XXL,1,800,1500,UPI
INV-2025688,2026-01-30,CUST_1193,Denim Jeans,L,1,1100,2200,UPI
INV-2025689,2026-09-13,CUST_1022,Casual Shirt,L,1,800,1500,UPI
INV-2025690,2026-03-13,CUST_1218,Denim Jeans,XL,1,1100,2200,UPI
INV-2025691,2025-12-29,CUST_1120,Trouser,M,1,850,1600,UPI
INV-2025692,2026-02-13,CUST_1210,Sambalpuri Kurta,XL,1,1200,2500,Cash
INV-2025693,2026-04-04,CUST_1050,Formal Shirt,L,1,900,1800,UPI
INV-2025694,2026-08-12,CUST_1014,Trouser,L,1,850,1600,Card
INV-2025695,2026-03-27,CUST_1192,Casual Shirt,M,1,800,1500,Cash
INV-2025696,2025-10-28,CUST_1175,Trouser,M,1,850,1600,UPI
INV-2025697,2026-05-08,CUST_1029,Trouser,L,1,850,1600,Card
INV-2025698,2026-09-22,CUST_1204,Formal Shirt,M,1,900,1800,Card
INV-2025699,2025-11-10,CUST_1164,Formal Shirt,S,1,900,1800,UPI
INV-2025700,2026-05-16,CUST_1227,Casual Shirt,L,3,800,1500,UPI
INV-2025701,2026-04-10,CUST_1180,Formal Shirt,L,1,900,1800,Cash
INV-2025702,2026-02-22,CUST_1125,Formal Shirt,M,1,900,1800,UPI
INV-2025703,2026-04-19,CUST_1204,Denim Jeans,S,2,1100,2200,Card
INV-2025704,2026-04-30,CUST_1007,Denim Jeans,XXL,1,1100,2200,UPI
INV-2025705,2026-05-08,CUST_1029,Denim Jeans,L,1,1100,2200,UPI
INV-2025706,2026-05-28,CUST_1139,Casual Shirt,M,1,800,1500,Cash
INV-2025707,2025-11-15,CUST_1033,Casual Shirt,S,1,800,1500,UPI
INV-2025708,2025-11-04,CUST_1134,Sambalpuri Kurta,L,1,1200,2500,Cash
INV-2025709,2026-06-10,CUST_1111,Denim Jeans,S,1,1100,2200,Card
INV-2025710,2025-12-21,CUST_1079,Formal Shirt,M,1,900,1800,UPI
INV-2025711,2026-06-13,CUST_1160,Formal Shirt,L,1,900,1800,Card
INV-2025712,2026-04-15,CUST_1179,Trouser,L,2,850,1600,UPI
INV-2025713,2026-07-30,CUST_1203,Denim Jeans,L,2,1100,2200,Cash
INV-2025714,2025-10-10,CUST_1058,Formal Shirt,XXL,1,900,1800,Cash
INV-2025715,2026-08-08,CUST_1215,T-Shirt,M,1,400,800,UPI
INV-2025716,2026-07-13,CUST_1026,Formal Shirt,L,1,900,1800,Card
INV-2025717,2026-05-30,CUST_1226,Trouser,L,2,850,1600,Card
INV-2025718,2026-06-08,CUST_1174,Casual Shirt,XXL,1,800,1500,Cash
INV-2025719,2026-09-30,CUST_1226,Formal Shirt,M,1,900,1800,UPI
INV-2025720,2025-10-05,CUST_1029,Formal Shirt,S,1,900,1800,Card
INV-2025721,2026-01-27,CUST_1004,Formal Shirt,M,1,900,1800,UPI
INV-2025722,2026-07-16,CUST_1209,Sambalpuri Kurta,XL,1,1200,2500,UPI
INV-2025723,2025-12-04,CUST_1099,Trouser,L,2,850,1600,UPI
INV-2025724,2026-02-23,CUST_1141,Trouser,L,1,850,1600,Card
INV-2025725,2026-05-12,CUST_1233,Denim Jeans,L,1,1100,2200,UPI
INV-2025726,2026-05-27,CUST_1039,Denim Jeans,M,1,1100,2200,UPI
INV-2025727,2026-03-26,CUST_1015,Trouser,L,1,850,1600,Cash
INV-2025728,2026-06-24,CUST_1119,Casual Shirt,L,1,800,1500,UPI
INV-2025729,2026-09-06,CUST_1029,Casual Shirt,M,1,800,1500,UPI
INV-2025730,2026-07-09,CUST_1157,Denim Jeans,L,1,1100,2200,Cash
INV-2025731,2025-12-02,CUST_1075,Casual Shirt,L,1,800,1500,UPI
INV-2025732,2026-05-05,CUST_1116,Denim Jeans,L,2,1100,2200,UPI
INV-2025733,2026-09-07,CUST_1032,T-Shirt,S,1,400,800,UPI
INV-2025734,2026-08-11,CUST_1130,Casual Shirt,L,1,800,1500,UPI
INV-2025735,2026-07-10,CUST_1175,T-Shirt,XL,1,400,800,UPI
INV-2025736,2026-03-26,CUST_1206,Casual Shirt,M,1,800,1500,UPI
INV-2025737,2026-01-06,CUST_1084,Casual Shirt,M,3,800,1500,Cash
INV-2025738,2026-01-13,CUST_1022,T-Shirt,M,1,400,800,UPI
INV-2025739,2026-01-07,CUST_1203,Casual Shirt,S,1,800,1500,UPI
INV-2025740,2026-08-07,CUST_1027,Formal Shirt,L,1,900,1800,UPI
INV-2025741,2025-10-06,CUST_1195,Formal Shirt,M,1,900,1800,Card
INV-2025742,2026-04-15,CUST_1081,Denim Jeans,L,1,1100,2200,UPI
INV-2025743,2026-09-16,CUST_1126,Casual Shirt,S,1,800,1500,Cash
INV-2025744,2026-02-10,CUST_1236,Trouser,L,1,850,1600,Card
INV-2025745,2026-09-23,CUST_1184,Casual Shirt,M,1,800,1500,Cash
INV-2025746,2026-06-16,CUST_1092,Blazer,M,2,2500,5500,Cash
INV-2025747,2025-10-23,CUST_1221,Casual Shirt,M,1,800,1500,Card
INV-2025748,2025-11-22,CUST_1021,Casual Shirt,XL,1,800,1500,Cash
INV-2025749,2026-03-14,CUST_1047,Formal Shirt,L,2,900,1800,Cash
INV-2025750,2026-04-20,CUST_1208,Sambalpuri Kurta,S,1,1200,2500,UPI
INV-2025751,2025-12-22,CUST_1101,Formal Shirt,L,1,900,1800,UPI
INV-2025752,2026-02-22,CUST_1187,Blazer,M,1,2500,5500,UPI
INV-2025753,2025-12-24,CUST_1084,Casual Shirt,M,2,800,1500,Cash
INV-2025754,2025-12-17,CUST_1006,T-Shirt,XXL,1,400,800,UPI
INV-2025755,2025-10-01,CUST_1147,Trouser,L,1,850,1600,UPI
INV-2025756,2025-11-20,CUST_1185,Denim Jeans,L,1,1100,2200,UPI
INV-2025757,2026-03-22,CUST_1197,Denim Jeans,L,1,1100,2200,Cash
INV-2025758,2026-04-23,CUST_1131,Casual Shirt,M,1,800,1500,UPI
INV-2025759,2026-06-17,CUST_1001,Formal Shirt,L,1,900,1800,Cash
INV-2025760,2026-07-15,CUST_1058,Trouser,L,1,850,1600,UPI
INV-2025761,2025-11-03,CUST_1124,Formal Shirt,L,1,900,1800,UPI
INV-2025762,2026-09-13,CUST_1166,Formal Shirt,S,1,900,1800,UPI
INV-2025763,2026-01-03,CUST_1015,Trouser,S,1,850,1600,Card
INV-2025764,2025-12-11,CUST_1162,Casual Shirt,L,1,800,1500,UPI
INV-2025765,2025-11-08,CUST_1189,Denim Jeans,L,1,1100,2200,Cash
INV-2025766,2026-03-03,CUST_1163,Casual Shirt,S,2,800,1500,UPI
INV-2025767,2026-06-07,CUST_1064,Sambalpuri Kurta,L,2,1200,2500,UPI
INV-2025768,2026-03-11,CUST_1241,Trouser,XL,1,850,1600,UPI
INV-2025769,2026-01-26,CUST_1025,Formal Shirt,M,1,900,1800,UPI
INV-2025770,2026-06-16,CUST_1024,Denim Jeans,L,1,1100,2200,UPI
INV-2025771,2026-08-02,CUST_1012,Casual Shirt,S,1,800,1500,UPI
INV-2025772,2026-06-25,CUST_1018,Casual Shirt,M,1,800,1500,Cash
INV-2025773,2025-11-23,CUST_1015,Casual Shirt,L,1,800,1500,Cash
INV-2025774,2026-05-24,CUST_1236,T-Shirt,S,1,400,800,Cash
INV-2025775,2026-05-10,CUST_1208,Denim Jeans,L,1,1100,2200,Cash
INV-2025776,2026-06-08,CUST_1027,T-Shirt,XXL,1,400,800,UPI
INV-2025777,2026-08-09,CUST_1072,Sambalpuri Kurta,S,1,1200,2500,Cash
INV-2025778,2026-01-20,CUST_1060,Formal Shirt,M,1,900,1800,Cash
INV-2025779,2026-06-12,CUST_1174,Denim Jeans,L,1,1100,2200,Cash
INV-2025780,2026-07-30,CUST_1217,Trouser,M,1,850,1600,UPI
INV-2025781,2026-04-25,CUST_1145,T-Shirt,L,2,400,800,UPI
INV-2025782,2026-05-17,CUST_1093,Trouser,XL,1,850,1600,Card
INV-2025783,2026-09-06,CUST_1053,Formal Shirt,M,1,900,1800,Cash
INV-2025784,2025-12-05,CUST_1008,Denim Jeans,M,1,1100,2200,UPI
INV-2025785,2025-12-14,CUST_1079,Formal Shirt,L,1,900,1800,UPI
INV-2025786,2026-01-11,CUST_1027,Formal Shirt,M,1,900,1800,Cash
INV-2025787,2026-04-10,CUST_1174,T-Shirt,M,1,400,800,Cash
INV-2025788,2026-06-09,CUST_1050,Sambalpuri Kurta,M,3,1200,2500,UPI
INV-2025789,2026-05-14,CUST_1244,Formal Shirt,S,1,900,1800,UPI
INV-2025790,2026-07-21,CUST_1199,Casual Shirt,M,2,800,1500,Cash
INV-2025791,2026-08-02,CUST_1131,Formal Shirt,XL,2,900,1800,Cash
INV-2025792,2026-01-06,CUST_1093,Casual Shirt,L,2,800,1500,Cash
INV-2025793,2026-09-03,CUST_1192,Formal Shirt,L,1,900,1800,UPI
INV-2025794,2026-07-13,CUST_1172,Casual Shirt,M,2,800,1500,Cash
INV-2025795,2026-08-31,CUST_1181,Casual Shirt,XXL,1,800,1500,Cash
INV-2025796,2026-09-12,CUST_1024,Trouser,XL,2,850,1600,UPI
INV-2025797,2026-08-04,CUST_1060,Sambalpuri Kurta,M,1,1200,2500,Cash
INV-2025798,2026-06-06,CUST_1122,Trouser,M,2,850,1600,UPI
INV-2025799,2026-03-15,CUST_1131,Casual Shirt,L,1,800,1500,Cash
INV-2025800,2026-08-31,CUST_1148,Formal Shirt,M,2,900,1800,UPI
INV-2025801,2025-10-30,CUST_1046,Casual Shirt,L,1,800,1500,UPI
INV-2025802,2026-06-04,CUST_1015,Denim Jeans,XL,2,1100,2200,Cash
INV-2025803,2026-01-14,CUST_1153,Casual Shirt,XL,1,800,1500,Cash
INV-2025804,2025-11-20,CUST_1222,Formal Shirt,XL,1,900,1800,UPI
INV-2025805,2025-12-20,CUST_1206,Formal Shirt,XL,1,900,1800,Card
INV-2025806,2026-02-10,CUST_1199,Trouser,L,1,850,1600,UPI
INV-2025807,2026-07-12,CUST_1017,T-Shirt,M,1,400,800,UPI
INV-2025808,2026-02-15,CUST_1126,Casual Shirt,S,1,800,1500,Card
INV-2025809,2026-04-02,CUST_1236,Formal Shirt,M,1,900,1800,UPI
INV-2025810,2026-08-26,CUST_1084,Formal Shirt,XL,1,900,1800,UPI
INV-2025811,2026-06-30,CUST_1228,Casual Shirt,XXL,1,800,1500,UPI
INV-2025812,2026-09-05,CUST_1009,Trouser,L,1,850,1600,UPI
INV-2025813,2025-12-08,CUST_1166,Trouser,M,2,850,1600,UPI
INV-2025814,2025-11-03,CUST_1176,Formal Shirt,L,1,900,1800,Cash
INV-2025815,2026-06-19,CUST_1249,Denim Jeans,M,1,1100,2200,Card
INV-2025816,2025-11-22,CUST_1188,Formal Shirt,XL,1,900,1800,UPI
INV-2025817,2026-04-23,CUST_1063,Casual Shirt,L,1,800,1500,UPI
INV-2025818,2026-02-03,CUST_1214,T-Shirt,XL,1,400,800,UPI
INV-2025819,2026-05-23,CUST_1246,Casual Shirt,S,1,800,1500,Card
INV-2025820,2025-11-12,CUST_1245,Formal Shirt,M,1,900,1800,UPI
INV-2025821,2026-05-28,CUST_1117,Formal Shirt,L,1,900,1800,UPI
INV-2025822,2026-01-19,CUST_1130,Casual Shirt,XXL,1,800,1500,UPI
INV-2025823,2026-06-06,CUST_1088,Casual Shirt,S,1,800,1500,Cash
INV-2025824,2026-02-28,CUST_1072,Formal Shirt,L,1,900,1800,UPI
INV-2025825,2026-04-01,CUST_1139,Sambalpuri Kurta,XL,1,1200,2500,Cash
INV-2025826,2026-09-01,CUST_1064,Denim Jeans,XXL,1,1100,2200,Card
INV-2025827,2026-01-03,CUST_1205,Trouser,M,1,850,1600,Card
INV-2025828,2025-10-08,CUST_1209,Sambalpuri Kurta,S,1,1200,2500,UPI
INV-2025829,2026-09-25,CUST_1072,Casual Shirt,L,1,800,1500,Cash
INV-2025830,2026-04-02,CUST_1021,Formal Shirt,XL,1,900,1800,UPI
INV-2025831,2026-07-08,CUST_1018,Casual Shirt,M,1,800,1500,UPI
INV-2025832,2026-04-13,CUST_1222,Denim Jeans,M,1,1100,2200,UPI
INV-2025833,2026-09-17,CUST_1064,Sambalpuri Kurta,XL,1,1200,2500,UPI
INV-2025834,2026-04-13,CUST_1082,Casual Shirt,XXL,1,800,1500,UPI
INV-2025835,2026-03-04,CUST_1110,Formal Shirt,M,1,900,1800,Cash
INV-2025836,2026-01-01,CUST_1239,Casual Shirt,L,1,800,1500,UPI
INV-2025837,2026-03-09,CUST_1095,T-Shirt,M,2,400,800,UPI
INV-2025838,2025-11-30,CUST_1166,Casual Shirt,XXL,1,800,1500,Cash
INV-2025839,2026-01-30,CUST_1032,Casual Shirt,XL,1,800,1500,UPI
INV-2025840,2025-11-20,CUST_1011,Trouser,XXL,2,850,1600,Cash
INV-2025841,2026-07-04,CUST_1045,Sambalpuri Kurta,M,1,1200,2500,UPI
INV-2025842,2025-10-05,CUST_1217,Formal Shirt,M,1,900,1800,UPI
INV-2025843,2025-12-31,CUST_1033,Trouser,M,1,850,1600,UPI
INV-2025844,2026-03-19,CUST_1102,Trouser,L,1,850,1600,UPI
INV-2025845,2026-08-13,CUST_1169,Denim Jeans,S,1,1100,2200,UPI
INV-2025846,2025-10-22,CUST_1136,Casual Shirt,M,3,800,1500,Card
INV-2025847,2026-08-22,CUST_1011,Formal Shirt,S,1,900,1800,UPI
INV-2025848,2025-10-01,CUST_1214,T-Shirt,M,1,400,800,UPI
INV-2025849,2026-02-10,CUST_1179,Blazer,M,1,2500,5500,UPI
INV-2025850,2026-05-21,CUST_1088,Denim Jeans,M,1,1100,2200,Card
INV-2025851,2025-10-12,CUST_1041,T-Shirt,XL,1,400,800,Cash
INV-2025852,2026-09-11,CUST_1145,Casual Shirt,M,1,800,1500,UPI
INV-2025853,2025-11-15,CUST_1076,Formal Shirt,M,1,900,1800,Cash
INV-2025854,2025-11-03,CUST_1121,Formal Shirt,M,1,900,1800,UPI
INV-2025855,2025-12-17,CUST_1046,Formal Shirt,L,1,900,1800,Cash
INV-2025856,2026-05-06,CUST_1160,Formal Shirt,XL,1,900,1800,UPI
INV-2025857,2026-07-28,CUST_1207,Sambalpuri Kurta,M,1,1200,2500,Cash
INV-2025858,2025-12-12,CUST_1080,Formal Shirt,L,1,900,1800,Cash
INV-2025859,2026-07-09,CUST_1054,Formal Shirt,S,1,900,1800,UPI
INV-2025860,2026-06-06,CUST_1086,Formal Shirt,S,1,900,1800,UPI
INV-2025861,2025-11-16,CUST_1092,Casual Shirt,XL,1,800,1500,UPI
INV-2025862,2026-01-29,CUST_1148,Casual Shirt,M,2,800,1500,UPI
INV-2025863,2026-05-02,CUST_1161,T-Shirt,M,1,400,800,UPI
INV-2025864,2026-05-27,CUST_1202,Sambalpuri Kurta,L,1,1200,2500,UPI
INV-2025865,2025-11-25,CUST_1168,Casual Shirt,XL,1,800,1500,UPI
INV-2025866,2026-09-15,CUST_1160,Trouser,M,3,850,1600,Cash
INV-2025867,2026-01-15,CUST_1242,Denim Jeans,XL,1,1100,2200,UPI
INV-2025868,2026-08-15,CUST_1097,Denim Jeans,M,1,1100,2200,Card
INV-2025869,2025-11-17,CUST_1002,Formal Shirt,M,3,900,1800,UPI
INV-2025870,2025-11-30,CUST_1225,Denim Jeans,M,2,1100,2200,UPI
INV-2025871,2026-09-02,CUST_1033,Trouser,XL,1,850,1600,UPI
INV-2025872,2025-10-26,CUST_1233,Sambalpuri Kurta,M,1,1200,2500,Card
INV-2025873,2026-07-19,CUST_1205,Denim Jeans,L,2,1100,2200,Cash
INV-2025874,2026-06-14,CUST_1158,Formal Shirt,S,1,900,1800,Cash
INV-2025875,2025-10-08,CUST_1161,Denim Jeans,L,1,1100,2200,UPI
INV-2025876,2026-01-21,CUST_1077,Casual Shirt,L,1,800,1500,UPI
INV-2025877,2026-09-20,CUST_1116,Formal Shirt,L,1,900,1800,UPI
INV-2025878,2026-06-10,CUST_1154,T-Shirt,L,3,400,800,UPI
INV-2025879,2026-03-29,CUST_1150,Denim Jeans,XL,1,1100,2200,Cash
INV-2025880,2026-04-25,CUST_1103,Formal Shirt,L,1,900,1800,UPI
INV-2025881,2026-07-30,CUST_1194,Casual Shirt,S,3,800,1500,UPI
INV-2025882,2026-02-04,CUST_1166,Trouser,XL,1,850,1600,UPI
INV-2025883,2025-11-25,CUST_1103,Trouser,L,1,850,1600,Cash
INV-2025884,2026-05-02,CUST_1090,T-Shirt,L,1,400,800,UPI
INV-2025885,2025-10-14,CUST_1174,Casual Shirt,XL,1,800,1500,UPI
INV-2025886,2025-10-28,CUST_1122,Sambalpuri Kurta,L,1,1200,2500,UPI
INV-2025887,2025-12-17,CUST_1242,Sambalpuri Kurta,M,2,1200,2500,UPI
INV-2025888,2026-05-04,CUST_1143,Trouser,XL,1,850,1600,UPI
INV-2025889,2026-09-30,CUST_1226,Casual Shirt,L,1,800,1500,UPI
INV-2025890,2026-03-03,CUST_1106,Casual Shirt,M,1,800,1500,UPI
INV-2025891,2025-10-14,CUST_1119,Denim Jeans,XL,1,1100,2200,UPI
INV-2025892,2026-04-05,CUST_1172,T-Shirt,L,2,400,800,UPI
INV-2025893,2026-08-08,CUST_1049,Formal Shirt,S,1,900,1800,UPI
INV-2025894,2025-10-07,CUST_1104,Formal Shirt,L,1,900,1800,UPI
INV-2025895,2025-10-03,CUST_1203,Casual Shirt,M,1,800,1500,Card
INV-2025896,2026-01-19,CUST_1061,Trouser,XL,1,850,1600,UPI
INV-2025897,2026-05-26,CUST_1195,Casual Shirt,L,1,800,1500,UPI
INV-2025898,2026-09-28,CUST_1123,Denim Jeans,L,1,1100,2200,UPI
INV-2025899,2026-05-27,CUST_1134,Casual Shirt,XL,1,800,1500,UPI
INV-2025900,2026-07-01,CUST_1009,Formal Shirt,L,1,900,1800,UPI
INV-2025901,2026-07-21,CUST_1006,Denim Jeans,M,2,1100,2200,Card
INV-2025902,2026-05-15,CUST_1073,Denim Jeans,M,1,1100,2200,UPI
INV-2025903,2025-10-15,CUST_1103,Denim Jeans,M,2,1100,2200,UPI
INV-2025904,2026-04-10,CUST_1223,Denim Jeans,L,1,1100,2200,UPI
INV-2025905,2026-01-27,CUST_1160,T-Shirt,L,1,400,800,UPI
INV-2025906,2025-10-28,CUST_1041,Denim Jeans,L,1,1100,2200,UPI
INV-2025907,2026-04-20,CUST_1114,Sambalpuri Kurta,M,1,1200,2500,UPI
INV-2025908,2025-11-08,CUST_1204,Trouser,S,1,850,1600,UPI
INV-2025909,2026-06-30,CUST_1008,Casual Shirt,S,2,800,1500,UPI
INV-2025910,2026-05-19,CUST_1072,Casual Shirt,L,2,800,1500,UPI
INV-2025911,2025-12-25,CUST_1178,Formal Shirt,S,1,900,1800,UPI
INV-2025912,2026-02-03,CUST_1092,Denim Jeans,M,1,1100,2200,UPI
INV-2025913,2026-07-27,CUST_1062,Formal Shirt,S,1,900,1800,Card
INV-2025914,2025-10-25,CUST_1084,T-Shirt,XL,1,400,800,Cash
INV-2025915,2026-02-22,CUST_1062,Formal Shirt,L,1,900,1800,UPI
INV-2025916,2025-10-13,CUST_1111,Trouser,M,1,850,1600,Card
INV-2025917,2026-04-30,CUST_1127,Casual Shirt,L,2,800,1500,UPI
INV-2025918,2025-10-25,CUST_1007,Denim Jeans,M,1,1100,2200,Cash
INV-2025919,2025-12-07,CUST_1203,Denim Jeans,L,1,1100,2200,UPI
INV-2025920,2025-12-06,CUST_1084,T-Shirt,M,1,400,800,UPI
INV-2025921,2026-05-21,CUST_1208,Trouser,XXL,1,850,1600,UPI
INV-2025922,2026-01-17,CUST_1132,Denim Jeans,XL,1,1100,2200,Cash
INV-2025923,2026-02-23,CUST_1134,Denim Jeans,XL,1,1100,2200,UPI
INV-2025924,2026-01-19,CUST_1058,Formal Shirt,M,2,900,1800,Cash
INV-2025925,2026-05-16,CUST_1022,Trouser,M,1,850,1600,Cash
INV-2025926,2026-01-19,CUST_1154,Denim Jeans,M,1,1100,2200,UPI
INV-2025927,2025-11-03,CUST_1127,Formal Shirt,L,1,900,1800,Card
INV-2025928,2026-01-19,CUST_1003,Casual Shirt,M,1,800,1500,Cash
INV-2025929,2026-06-21,CUST_1127,Formal Shirt,L,1,900,1800,UPI
INV-2025930,2026-05-24,CUST_1041,Formal Shirt,XL,2,900,1800,UPI
INV-2025931,2025-12-22,CUST_1188,Denim Jeans,XL,1,1100,2200,Cash
INV-2025932,2025-11-11,CUST_1106,Casual Shirt,XXL,1,800,1500,Card
INV-2025933,2026-01-09,CUST_1014,Trouser,M,2,850,1600,UPI
INV-2025934,2025-10-06,CUST_1203,Formal Shirt,L,1,900,1800,Card
INV-2025935,2026-03-29,CUST_1210,Casual Shirt,XL,1,800,1500,UPI
INV-2025936,2026-07-09,CUST_1246,Formal Shirt,M,1,900,1800,Card
INV-2025937,2026-08-16,CUST_1012,Denim Jeans,L,3,1100,2200,UPI
INV-2025938,2026-05-14,CUST_1087,Sambalpuri Kurta,L,2,1200,2500,UPI
INV-2025939,2026-08-11,CUST_1012,T-Shirt,M,1,400,800,Cash
INV-2025940,2026-09-30,CUST_1141,Formal Shirt,L,1,900,1800,Cash
INV-2025941,2026-05-17,CUST_1025,Casual Shirt,S,1,800,1500,UPI
INV-2025942,2026-07-16,CUST_1045,Casual Shirt,M,1,800,1500,UPI
INV-2025943,2026-02-27,CUST_1243,Denim Jeans,XL,1,1100,2200,UPI
INV-2025944,2026-07-04,CUST_1122,Trouser,L,1,850,1600,UPI
INV-2025945,2026-04-16,CUST_1147,Denim Jeans,S,1,1100,2200,Cash
INV-2025946,2025-12-09,CUST_1055,Casual Shirt,M,3,800,1500,UPI
INV-2025947,2026-01-20,CUST_1238,Denim Jeans,XL,1,1100,2200,UPI
INV-2025948,2025-10-04,CUST_1100,Trouser,XL,1,850,1600,UPI
INV-2025949,2026-09-15,CUST_1173,Formal Shirt,XXL,1,900,1800,UPI
INV-2025950,2026-08-27,CUST_1136,Sambalpuri Kurta,L,1,1200,2500,UPI
INV-2025951,2026-08-14,CUST_1221,Formal Shirt,XL,1,900,1800,Cash
INV-2025952,2026-09-15,CUST_1119,Denim Jeans,S,3,1100,2200,UPI
INV-2025953,2026-01-03,CUST_1053,Formal Shirt,L,2,900,1800,UPI
INV-2025954,2026-03-01,CUST_1183,Casual Shirt,M,1,800,1500,Cash
INV-2025955,2026-08-07,CUST_1032,Denim Jeans,M,1,1100,2200,UPI
INV-2025956,2026-02-14,CUST_1051,T-Shirt,M,3,400,800,UPI
INV-2025957,2026-06-04,CUST_1044,Casual Shirt,XL,1,800,1500,Cash
INV-2025958,2026-05-31,CUST_1082,Blazer,S,1,2500,5500,Cash
INV-2025959,2025-10-31,CUST_1198,Formal Shirt,M,1,900,1800,UPI
INV-2025960,2025-11-09,CUST_1146,Trouser,M,1,850,1600,UPI
INV-2025961,2026-05-17,CUST_1211,Formal Shirt,S,1,900,1800,UPI
INV-2025962,2025-11-05,CUST_1150,Trouser,XL,1,850,1600,UPI
INV-2025963,2026-05-11,CUST_1037,Denim Jeans,M,2,1100,2200,Cash
INV-2025964,2025-10-06,CUST_1096,Formal Shirt,L,2,900,1800,Card
INV-2025965,2026-08-18,CUST_1056,Denim Jeans,L,1,1100,2200,Card
INV-2025966,2026-05-08,CUST_1105,Casual Shirt,L,1,800,1500,UPI
INV-2025967,2025-12-14,CUST_1059,Formal Shirt,XXL,1,900,1800,UPI
INV-2025968,2025-10-04,CUST_1131,Casual Shirt,M,1,800,1500,UPI
INV-2025969,2026-08-31,CUST_1156,Formal Shirt,M,1,900,1800,UPI
INV-2025970,2026-02-11,CUST_1202,T-Shirt,XXL,1,400,800,UPI
INV-2025971,2026-01-26,CUST_1243,T-Shirt,S,2,400,800,Card
INV-2025972,2026-01-02,CUST_1035,Casual Shirt,M,3,800,1500,UPI
INV-2025973,2025-12-01,CUST_1189,Casual Shirt,M,1,800,1500,Cash
INV-2025974,2026-04-12,CUST_1093,Trouser,XXL,1,850,1600,UPI
INV-2025975,2026-08-31,CUST_1182,Denim Jeans,L,1,1100,2200,Card
INV-2025976,2026-04-21,CUST_1191,Sambalpuri Kurta,L,1,1200,2500,UPI
INV-2025977,2025-10-26,CUST_1207,Denim Jeans,L,1,1100,2200,Card
INV-2025978,2026-03-22,CUST_1097,Denim Jeans,M,1,1100,2200,UPI
INV-2025979,2026-07-27,CUST_1135,Formal Shirt,M,1,900,1800,Cash
INV-2025980,2026-02-10,CUST_1076,Denim Jeans,XL,1,1100,2200,UPI
INV-2025981,2026-08-22,CUST_1049,Sambalpuri Kurta,M,1,1200,2500,UPI
INV-2025982,2026-01-26,CUST_1094,Formal Shirt,S,1,900,1800,UPI
INV-2025983,2026-08-20,CUST_1213,Formal Shirt,XXL,1,900,1800,Cash
INV-2025984,2026-07-02,CUST_1159,Casual Shirt,L,2,800,1500,UPI
INV-2025985,2026-04-30,CUST_1186,Trouser,M,1,850,1600,UPI
INV-2025986,2026-05-13,CUST_1189,Formal Shirt,XL,1,900,1800,Card
INV-2025987,2025-10-20,CUST_1024,T-Shirt,M,1,400,800,Cash
INV-2025988,2026-01-21,CUST_1148,T-Shirt,L,1,400,800,UPI
INV-2025989,2026-02-17,CUST_1037,Trouser,M,1,850,1600,UPI
INV-2025990,2025-11-16,CUST_1004,Casual Shirt,M,1,800,1500,UPI
INV-2025991,2025-10-01,CUST_1220,Denim Jeans,M,1,1100,2200,UPI
INV-2025992,2025-12-29,CUST_1108,T-Shirt,L,1,400,800,UPI
INV-2025993,2026-02-19,CUST_1126,Blazer,M,1,2500,5500,Cash
INV-2025994,2026-08-16,CUST_1020,Denim Jeans,S,1,1100,2200,UPI
INV-2025995,2025-11-07,CUST_1188,Denim Jeans,L,1,1100,2200,Cash
INV-2025996,2026-07-20,CUST_1152,Casual Shirt,XL,1,800,1500,UPI
INV-2025997,2026-02-16,CUST_1050,Casual Shirt,XXL,1,800,1500,UPI
INV-2025998,2026-09-21,CUST_1177,Formal Shirt,L,1,900,1800,UPI
INV-2025999,2026-08-29,CUST_1179,Formal Shirt,M,1,900,1800,UPI
INV-2026000,2026-06-16,CUST_1096,Trouser,M,1,850,1600,UPI
INV-2026001,2026-03-10,CUST_1105,T-Shirt,XXL,2,400,800,UPI
INV-2026002,2026-03-27,CUST_1164,Casual Shirt,M,1,800,1500,UPI
INV-2026003,2025-10-10,CUST_1117,Trouser,XL,2,850,1600,UPI
INV-2026004,2026-06-18,CUST_1098,Trouser,M,1,850,1600,Cash
INV-2026005,2026-02-15,CUST_1228,Casual Shirt,L,1,800,1500,Cash
INV-2026006,2026-03-21,CUST_1066,Trouser,M,2,850,1600,UPI
INV-2026007,2025-10-13,CUST_1079,Formal Shirt,L,1,900,1800,Card
INV-2026008,2026-03-17,CUST_1162,Casual Shirt,L,1,800,1500,Card
INV-2026009,2026-02-07,CUST_1164,Casual Shirt,XL,1,800,1500,UPI
INV-2026010,2025-12-23,CUST_1006,Denim Jeans,M,1,1100,2200,Cash
INV-2026011,2026-08-17,CUST_1039,Denim Jeans,L,1,1100,2200,UPI
INV-2026012,2026-08-15,CUST_1170,Casual Shirt,L,1,800,1500,UPI
INV-2026013,2026-01-09,CUST_1243,Denim Jeans,M,1,1100,2200,UPI
INV-2026014,2026-08-25,CUST_1115,Casual Shirt,XL,2,800,1500,Cash
INV-2026015,2026-06-30,CUST_1186,Casual Shirt,XL,2,800,1500,Cash
INV-2026016,2026-06-22,CUST_1246,Casual Shirt,L,2,800,1500,UPI
INV-2026017,2025-11-07,CUST_1125,Denim Jeans,L,1,1100,2200,UPI
INV-2026018,2026-01-02,CUST_1012,Denim Jeans,S,1,1100,2200,UPI
INV-2026019,2026-01-03,CUST_1131,Denim Jeans,M,1,1100,2200,Cash
INV-2026020,2026-08-01,CUST_1237,Casual Shirt,M,1,800,1500,Cash
INV-2026021,2025-12-08,CUST_1018,Denim Jeans,L,1,1100,2200,UPI
INV-2026022,2026-08-14,CUST_1040,Sambalpuri Kurta,XL,1,1200,2500,UPI
INV-2026023,2026-05-24,CUST_1021,Casual Shirt,S,1,800,1500,UPI
INV-2026024,2026-08-30,CUST_1143,Formal Shirt,M,2,900,1800,UPI
INV-2026025,2026-02-14,CUST_1225,Sambalpuri Kurta,L,1,1200,2500,Cash
INV-2026026,2025-12-15,CUST_1099,Formal Shirt,L,1,900,1800,Card
INV-2026027,2025-11-04,CUST_1026,Formal Shirt,M,2,900,1800,UPI
INV-2026028,2025-10-01,CUST_1008,Trouser,L,2,850,1600,Card
INV-2026029,2026-07-23,CUST_1100,T-Shirt,S,2,400,800,UPI
INV-2026030,2026-08-16,CUST_1240,Denim Jeans,M,1,1100,2200,Card
INV-2026031,2025-11-29,CUST_1222,T-Shirt,L,1,400,800,UPI
INV-2026032,2026-08-16,CUST_1087,Sambalpuri Kurta,L,1,1200,2500,UPI
INV-2026033,2026-09-14,CUST_1042,Formal Shirt,L,2,900,1800,UPI
INV-2026034,2026-08-24,CUST_1172,Formal Shirt,L,1,900,1800,Card
INV-2026035,2026-06-24,CUST_1014,Formal Shirt,L,1,900,1800,Cash
INV-2026036,2026-09-26,CUST_1078,Trouser,L,1,850,1600,UPI
INV-2026037,2026-05-17,CUST_1002,Casual Shirt,L,1,800,1500,UPI
INV-2026038,2026-06-27,CUST_1119,Sambalpuri Kurta,XL,1,1200,2500,UPI
INV-2026039,2026-08-12,CUST_1037,Casual Shirt,L,2,800,1500,UPI
INV-2026040,2026-07-13,CUST_1069,Formal Shirt,XL,2,900,1800,UPI
INV-2026041,2026-07-18,CUST_1166,Denim Jeans,M,1,1100,2200,Card
INV-2026042,2026-05-01,CUST_1237,Sambalpuri Kurta,XL,1,1200,2500,Cash
INV-2026043,2026-03-14,CUST_1041,Formal Shirt,M,1,900,1800,UPI
INV-2026044,2025-10-05,CUST_1062,Trouser,L,1,850,1600,UPI
INV-2026045,2026-09-04,CUST_1246,Casual Shirt,S,1,800,1500,Cash
INV-2026046,2025-12-17,CUST_1060,Casual Shirt,S,1,800,1500,Cash
INV-2026047,2025-12-01,CUST_1125,Formal Shirt,M,1,900,1800,UPI
INV-2026048,2026-02-09,CUST_1111,Casual Shirt,L,1,800,1500,UPI
INV-2026049,2025-12-28,CUST_1014,Trouser,L,1,850,1600,UPI
INV-2026050,2026-05-25,CUST_1248,Casual Shirt,M,1,800,1500,Cash
INV-2026051,2025-11-11,CUST_1231,T-Shirt,L,1,400,800,UPI
INV-2026052,2025-12-28,CUST_1217,Sambalpuri Kurta,L,1,1200,2500,Cash
INV-2026053,2026-07-23,CUST_1084,Trouser,XL,1,850,1600,Cash
INV-2026054,2026-08-24,CUST_1130,Sambalpuri Kurta,M,1,1200,2500,UPI
INV-2026055,2026-07-22,CUST_1231,T-Shirt,S,1,400,800,UPI
INV-2026056,2026-01-12,CUST_1070,Trouser,M,1,850,1600,UPI
INV-2026057,2025-10-14,CUST_1145,T-Shirt,M,1,400,800,Cash
INV-2026058,2026-07-15,CUST_1123,Denim Jeans,XL,1,1100,2200,UPI
INV-2026059,2026-03-28,CUST_1089,Casual Shirt,M,1,800,1500,UPI
INV-2026060,2026-02-02,CUST_1249,Trouser,M,1,850,1600,UPI
INV-2026061,2026-09-18,CUST_1028,Blazer,M,1,2500,5500,UPI
INV-2026062,2025-10-23,CUST_1066,Denim Jeans,M,2,1100,2200,UPI
INV-2026063,2025-12-02,CUST_1163,Sambalpuri Kurta,M,1,1200,2500,Card
INV-2026064,2026-02-20,CUST_1229,Casual Shirt,XXL,1,800,1500,Card
INV-2026065,2026-03-02,CUST_1005,Trouser,M,1,850,1600,UPI
INV-2026066,2026-02-22,CUST_1193,Casual Shirt,M,1,800,1500,UPI
INV-2026067,2026-05-13,CUST_1168,Trouser,M,1,850,1600,UPI
INV-2026068,2026-08-05,CUST_1204,Casual Shirt,S,1,800,1500,Card
INV-2026069,2026-01-12,CUST_1184,Sambalpuri Kurta,M,1,1200,2500,UPI
INV-2026070,2026-01-12,CUST_1164,Trouser,L,1,850,1600,UPI
INV-2026071,2025-11-08,CUST_1045,Casual Shirt,L,2,800,1500,UPI
INV-2026072,2026-04-16,CUST_1151,Sambalpuri Kurta,XXL,1,1200,2500,Cash
INV-2026073,2026-02-11,CUST_1047,Trouser,XXL,3,850,1600,Cash
INV-2026074,2025-12-06,CUST_1031,Casual Shirt,XL,1,800,1500,Cash
INV-2026075,2026-03-28,CUST_1139,T-Shirt,M,1,400,800,UPI
INV-2026076,2025-11-11,CUST_1010,Formal Shirt,M,1,900,1800,Card
INV-2026077,2025-10-15,CUST_1195,T-Shirt,M,2,400,800,Cash
INV-2026078,2026-01-19,CUST_1118,Formal Shirt,S,1,900,1800,Card
INV-2026079,2026-03-06,CUST_1014,Denim Jeans,L,1,1100,2200,Cash
INV-2026080,2026-07-16,CUST_1080,Casual Shirt,M,1,800,1500,UPI
INV-2026081,2026-05-19,CUST_1202,Sambalpuri Kurta,M,1,1200,2500,UPI
INV-2026082,2026-03-06,CUST_1093,Denim Jeans,M,1,1100,2200,Card
INV-2026083,2025-11-07,CUST_1010,Formal Shirt,XL,3,900,1800,UPI
INV-2026084,2026-01-05,CUST_1076,Formal Shirt,L,3,900,1800,Card
INV-2026085,2026-07-16,CUST_1094,Denim Jeans,XL,1,1100,2200,Card
INV-2026086,2026-06-11,CUST_1105,T-Shirt,M,1,400,800,UPI
INV-2026087,2026-04-14,CUST_1001,Formal Shirt,XL,1,900,1800,UPI
INV-2026088,2025-12-25,CUST_1133,Formal Shirt,XXL,1,900,1800,UPI
INV-2026089,2026-08-18,CUST_1020,Casual Shirt,XXL,2,800,1500,UPI
INV-2026090,2025-10-10,CUST_1008,Casual Shirt,S,1,800,1500,UPI
INV-2026091,2025-10-05,CUST_1171,T-Shirt,L,2,400,800,UPI
INV-2026092,2026-01-31,CUST_1204,Trouser,L,1,850,1600,UPI
INV-2026093,2026-08-26,CUST_1001,Denim Jeans,S,1,1100,2200,UPI
INV-2026094,2026-09-18,CUST_1057,Blazer,L,2,2500,5500,UPI
INV-2026095,2026-01-26,CUST_1064,Trouser,L,2,850,1600,UPI
INV-2026096,2026-07-21,CUST_1118,Denim Jeans,L,1,1100,2200,UPI
INV-2026097,2026-03-08,CUST_1212,Casual Shirt,S,2,800,1500,UPI
INV-2026098,2026-07-30,CUST_1028,Casual Shirt,L,1,800,1500,UPI
INV-2026099,2026-05-16,CUST_1121,Casual Shirt,XXL,2,800,1500,Cash
INV-2026100,2026-09-30,CUST_1107,Formal Shirt,XL,1,900,1800,UPI
INV-2026101,2026-05-04,CUST_1165,Casual Shirt,L,1,800,1500,UPI
INV-2026102,2026-04-02,CUST_1175,Casual Shirt,L,1,800,1500,UPI
INV-2026103,2025-10-15,CUST_1229,Trouser,M,2,850,1600,UPI
INV-2026104,2026-03-06,CUST_1204,Casual Shirt,M,1,800,1500,Cash
INV-2026105,2026-02-13,CUST_1165,Formal Shirt,M,2,900,1800,Cash
INV-2026106,2026-06-18,CUST_1049,Formal Shirt,L,1,900,1800,UPI
INV-2026107,2026-03-06,CUST_1241,Formal Shirt,XXL,1,900,1800,UPI
INV-2026108,2025-11-16,CUST_1120,Denim Jeans,XL,2,1100,2200,UPI
INV-2026109,2026-08-20,CUST_1044,Trouser,L,1,850,1600,UPI
INV-2026110,2026-08-28,CUST_1056,Denim Jeans,M,2,1100,2200,UPI
INV-2026111,2026-03-22,CUST_1156,T-Shirt,L,1,400,800,UPI
INV-2026112,2026-02-07,CUST_1111,Casual Shirt,M,1,800,1500,UPI
INV-2026113,2026-01-03,CUST_1207,Formal Shirt,XL,1,900,1800,UPI
INV-2026114,2026-01-23,CUST_1134,Formal Shirt,XL,1,900,1800,UPI
INV-2026115,2026-05-31,CUST_1108,Denim Jeans,S,3,1100,2200,Cash
INV-2026116,2026-07-19,CUST_1189,Formal Shirt,L,1,900,1800,Card
INV-2026117,2026-07-09,CUST_1148,Casual Shirt,L,1,800,1500,Cash
INV-2026118,2026-07-26,CUST_1114,Trouser,L,1,850,1600,Cash
INV-2026119,2026-07-10,CUST_1078,Casual Shirt,M,1,800,1500,Card
INV-2026120,2025-12-08,CUST_1130,Formal Shirt,L,1,900,1800,UPI
INV-2026121,2026-02-25,CUST_1201,Casual Shirt,M,1,800,1500,UPI
INV-2026122,2025-10-11,CUST_1037,Casual Shirt,XL,3,800,1500,UPI
INV-2026123,2026-06-11,CUST_1020,Formal Shirt,S,1,900,1800,Cash
INV-2026124,2026-08-26,CUST_1026,Casual Shirt,M,1,800,1500,UPI
INV-2026125,2026-09-25,CUST_1029,Casual Shirt,L,1,800,1500,UPI
INV-2026126,2025-11-07,CUST_1001,Trouser,XL,1,850,1600,Card
INV-2026127,2026-02-11,CUST_1119,Formal Shirt,XL,1,900,1800,Cash
INV-2026128,2026-04-18,CUST_1035,T-Shirt,S,2,400,800,Cash
INV-2026129,2025-10-23,CUST_1198,Trouser,M,2,850,1600,Cash
INV-2026130,2026-07-30,CUST_1229,Formal Shirt,XXL,1,900,1800,UPI
INV-2026131,2026-09-11,CUST_1245,Denim Jeans,L,1,1100,2200,UPI
INV-2026132,2026-07-29,CUST_1059,T-Shirt,S,1,400,800,UPI
INV-2026133,2026-09-28,CUST_1069,Denim Jeans,XXL,1,1100,2200,Cash
INV-2026134,2026-05-06,CUST_1161,Casual Shirt,L,1,800,1500,UPI
INV-2026135,2026-02-18,CUST_1241,Casual Shirt,L,1,800,1500,Cash
INV-2026136,2026-01-12,CUST_1179,Denim Jeans,M,1,1100,2200,UPI
INV-2026137,2026-04-28,CUST_1206,Sambalpuri Kurta,L,1,1200,2500,Card
INV-2026138,2026-01-19,CUST_1012,Denim Jeans,S,1,1100,2200,UPI
INV-2026139,2026-01-12,CUST_1234,Sambalpuri Kurta,XL,3,1200,2500,UPI
INV-2026140,2026-08-12,CUST_1020,Denim Jeans,XL,1,1100,2200,UPI
INV-2026141,2026-03-20,CUST_1181,Denim Jeans,S,1,1100,2200,Cash
INV-2026142,2026-09-21,CUST_1242,Sambalpuri Kurta,S,1,1200,2500,UPI
INV-2026143,2026-08-20,CUST_1216,Sambalpuri Kurta,M,1,1200,2500,UPI
INV-2026144,2026-02-10,CUST_1043,Denim Jeans,M,1,1100,2200,UPI
INV-2026145,2026-07-20,CUST_1126,Denim Jeans,M,1,1100,2200,Cash
INV-2026146,2026-08-24,CUST_1226,Casual Shirt,XL,1,800,1500,UPI
INV-2026147,2026-02-04,CUST_1217,Formal Shirt,M,1,900,1800,Cash
INV-2026148,2026-01-14,CUST_1050,Casual Shirt,L,2,800,1500,Card
INV-2026149,2025-12-31,CUST_1029,Denim Jeans,XXL,1,1100,2200,UPI
INV-2026150,2026-07-14,CUST_1185,Sambalpuri Kurta,L,1,1200,2500,UPI
INV-2026151,2025-11-20,CUST_1039,Sambalpuri Kurta,XL,1,1200,2500,UPI
INV-2026152,2025-10-29,CUST_1223,Denim Jeans,L,1,1100,2200,Cash
INV-2026153,2026-07-23,CUST_1184,Denim Jeans,M,1,1100,2200,UPI
INV-2026154,2026-07-24,CUST_1239,T-Shirt,M,1,400,800,UPI
INV-2026155,2026-05-02,CUST_1171,Formal Shirt,S,1,900,1800,UPI
INV-2026156,2026-06-24,CUST_1178,Denim Jeans,M,1,1100,2200,Card
INV-2026157,2026-06-14,CUST_1151,Formal Shirt,M,1,900,1800,UPI
INV-2026158,2026-07-29,CUST_1172,Trouser,M,1,850,1600,UPI
INV-2026159,2026-01-09,CUST_1038,Formal Shirt,XL,1,900,1800,UPI
INV-2026160,2026-09-11,CUST_1084,Casual Shirt,L,1,800,1500,Cash
INV-2026161,2026-01-18,CUST_1151,Casual Shirt,XL,1,800,1500,Cash
INV-2026162,2026-03-31,CUST_1128,Formal Shirt,XL,1,900,1800,UPI
INV-2026163,2026-08-09,CUST_1126,Denim Jeans,S,1,1100,2200,Card
INV-2026164,2025-10-01,CUST_1045,T-Shirt,M,2,400,800,UPI
INV-2026165,2026-08-15,CUST_1052,Formal Shirt,L,1,900,1800,Card
INV-2026166,2025-11-24,CUST_1080,Formal Shirt,L,1,900,1800,UPI
INV-2026167,2026-02-26,CUST_1178,Casual Shirt,XXL,2,800,1500,Cash
INV-2026168,2026-08-05,CUST_1234,Denim Jeans,M,1,1100,2200,UPI
INV-2026169,2026-02-14,CUST_1124,Formal Shirt,XL,1,900,1800,UPI
INV-2026170,2026-04-20,CUST_1119,Casual Shirt,M,1,800,1500,Card
INV-2026171,2026-08-09,CUST_1008,Denim Jeans,XL,1,1100,2200,UPI
INV-2026172,2026-01-25,CUST_1242,Casual Shirt,XL,1,800,1500,UPI
INV-2026173,2026-03-03,CUST_1085,Denim Jeans,L,1,1100,2200,Card
INV-2026174,2026-07-18,CUST_1129,Denim Jeans,L,1,1100,2200,UPI
INV-2026175,2025-12-02,CUST_1247,Casual Shirt,S,1,800,1500,Cash
INV-2026176,2026-06-01,CUST_1008,Casual Shirt,XL,1,800,1500,UPI
INV-2026177,2025-10-25,CUST_1157,Casual Shirt,M,1,800,1500,UPI
INV-2026178,2025-12-29,CUST_1096,Formal Shirt,XXL,1,900,1800,UPI
INV-2026179,2025-12-14,CUST_1102,Casual Shirt,L,1,800,1500,Cash
INV-2026180,2026-07-21,CUST_1005,Denim Jeans,L,1,1100,2200,UPI
INV-2026181,2026-04-28,CUST_1239,Casual Shirt,M,1,800,1500,UPI
INV-2026182,2026-09-12,CUST_1086,Casual Shirt,XXL,1,800,1500,Cash
INV-2026183,2025-10-17,CUST_1175,Trouser,M,1,850,1600,UPI
INV-2026184,2026-02-05,CUST_1034,Trouser,L,1,850,1600,Card
INV-2026185,2026-09-29,CUST_1193,Trouser,M,1,850,1600,Cash
INV-2026186,2026-06-08,CUST_1055,Casual Shirt,S,1,800,1500,UPI
INV-2026187,2026-03-28,CUST_1119,T-Shirt,L,1,400,800,Card
INV-2026188,2026-03-31,CUST_1218,Formal Shirt,M,1,900,1800,UPI
INV-2026189,2026-03-01,CUST_1171,Denim Jeans,M,1,1100,2200,UPI
INV-2026190,2025-10-25,CUST_1202,Trouser,XL,1,850,1600,UPI
INV-2026191,2026-03-29,CUST_1158,Formal Shirt,M,1,900,1800,Cash
INV-2026192,2026-04-16,CUST_1114,Casual Shirt,M,1,800,1500,UPI
INV-2026193,2026-09-09,CUST_1210,Casual Shirt,XXL,1,800,1500,UPI
INV-2026194,2026-03-10,CUST_1145,Denim Jeans,XL,1,1100,2200,UPI
INV-2026195,2026-03-26,CUST_1026,Formal Shirt,XL,1,900,1800,Cash
INV-2026196,2026-07-12,CUST_1136,Sambalpuri Kurta,XL,2,1200,2500,UPI
INV-2026197,2025-12-02,CUST_1047,Denim Jeans,L,1,1100,2200,UPI
INV-2026198,2026-02-27,CUST_1232,Casual Shirt,XL,1,800,1500,UPI
INV-2026199,2026-03-03,CUST_1113,Denim Jeans,M,1,1100,2200,UPI
